reviewId,userName,userImage,content,score,thumbsUpCount,reviewCreatedVersion,at,replyContent,repliedAt,appVersion
a69c9e3b-9cd4-4054-aee8-f09bc96de063,Ahmad Bakharzi Hakam,https://play-lh.googleusercontent.com/a-/ALV-UjWJko8rF1rXPqJ0AVYC2sM1nr1wN8CRgmhvZ15PRl-zREz4xuT-,Mengapa ya di hp saya ebook yg format epub ga bisa di buka? Kalau yg pdf bisa dibuka. Mohon bantuannya.,3,0,8.3.1,2026-05-31 10:18:57,,,8.3.1
7bf6962f-daa6-4028-a4ff-b03b9654a021,Riska Fikriana Moerad,https://play-lh.googleusercontent.com/a-/ALV-UjVYImBnxYwDT-K0-EzNISRqjVMKv32GgEBAUJgk0wAk8FBnkuJC,"Gramedia Digital dpt diinstal & digunakan pd ONYX BOOX Go Color 7 (Android 12), tetapi tdk dpt diinstal pd ONYX BOOX Go Color 7 Gen II (Android 13). Bahkan APK yg diekstrak dari perangkat Android 12 ditolak dgn pesan “aplikasi tidak kompatibel dgn tablet Anda”. semoga segera ada perbaikan. karena pembaca melalui aplikasi gramedia digital bukan hanya pengguna ios & android di smartphone update : aplikasi sdh bisa digunakan di onyx go color 7 gen II. Terima kasih krn sudah sangat cepat merespon",5,0,8.3.1,2026-05-25 10:45:37,"Halo Kak Riska, terima kasih banyak atas ulasan detail dan masukannya yang sangat berharga bagi kami.

Kami ingin mengonfirmasi bahwa tim kami telah memperbaiki kendala kompatibilitas ini. Silakan Kakak mencoba kembali untuk mengakses aplikasi Gramedia Digital.

Jika masih ada kendala, jangan ragu untuk memberi tahu kami ya.",2026-05-25 06:22:30,8.3.1
14abc54b-5b4b-4158-8723-bd1f98393739,Itsna Tab,https://play-lh.googleusercontent.com/a-/ALV-UjWeY4ng0MPIJUuTUBIO8K4oMiCpCT8D9VNBipV34bKaTQq1554,"halo kak. sebagai pecinta dark mode. aku mau kasih saran untuk tolong setting background baca warna hitam dibikin bener2 item. maksudnya dengan mematikan layar device menjadi benar2 item sebagaimana fungsi dark mode. kalo bingung maksudku, coba liat dark mode versi ipusnas. dark mode nya bener2 layar item (pixel layar mati). selebihnya good. makasih min",4,0,,2026-05-23 16:59:45,"Hi Kak Itsna, terima kasih banyak atas saran dan masukan berharga yang sudah Anda sampaikan! Kami sangat menghargai setiap detail yang diberikan. Tim kami akan segera mengevaluasi untuk perbaikan ke depannya.",2026-05-25 06:24:28,
0cb49cec-c87e-461a-a0c7-8e41d120146d,Yessy Christy Simbolon,https://play-lh.googleusercontent.com/a-/ALV-UjWdeAc48wEFVnhft36uxXoGPHY070aFwJ81gmpp-8ordG9sCJk,"Bagus, tapi ga bisa lagi dijalakan di perangkat Huawei 🥲",4,0,8.3.1,2026-05-23 16:05:42,"Halo Kak Yessy,
Kendala ini sudah berhasil diperbaiki oleh tim kami. Kakak bisa mencoba untuk mengaksesnya kembali.
Jika nanti masih menemukan kendala, silakan hubungi kami kembali. Terima kasih dan selamat membaca!",2026-05-25 06:28:21,8.3.1
65cee21c-237c-4f2e-b855-537b25eb03bf,Romy Candra,https://play-lh.googleusercontent.com/a/ACg8ocIOwcGx49LHKYPIIKmMofDamuI61hxttw8F8wTOmdP0o3sjBQ=mo,"tolong diperbaiki sistemnya, aku Sudan langganan tapi hasil download bukunya ga terbaca. putih polos doang.",2,1,8.3.0,2026-05-09 01:00:09,"Hi Kak Romy, mohon maaf atas ketidaknyamanannya ya. Untuk membantu kami mengecek dan mengatasi masalah ini lebih lanjut, boleh tolong informasikan email yang terdaftar di akun Kakak?

Kakak bisa menghubungi kami langsung melalui WhatsApp di +62 811-1450-436 atau email ke customercare@gramedia.id. Kami siap membantu!",2026-05-12 03:09:30,8.3.0
ea173597-2778-4666-8ba2-9293afa148ec,Muhammad Barkah,https://play-lh.googleusercontent.com/a/ACg8ocI6QgkOCKfZrQP4rPNEX5sOlHA3p-wxisN4wJZGhdLWK_-dgA=mo,bagus sih cuman kebanyakan fitur pro,3,0,,2026-05-01 13:28:19,"Hi Kak Muhammad Barkah, terima kasih banyak atas saran dan masukan berharga yang sudah Anda sampaikan! Kami sangat menghargai setiap detail yang diberikan. Tim kami akan mengevaluasi untuk perbaikan ke depannya.",2026-05-06 01:46:39,
f02cb464-a073-424d-945c-8a88396a8805,Irsa Bastian,https://play-lh.googleusercontent.com/a-/ALV-UjXwztzbezm2FWkm-qrQeF-bddci9ukQ2cm5un1tCQGpN5xS1uS-,Buku yang dibeli dari Gramedia Digital tidak bisa dibaca di Kindle?,5,0,6.4.4,2026-04-30 12:11:41,"Halo Kak Irsa, pembelian buku dari Gramedia Digital hanya bisa dibaca di aplikasi Gramedia Digital. Terimakasih",2026-05-12 03:09:04,6.4.4
068b9040-1c2c-4e84-bafc-f821a58dadcf,Naufaldy Fauzan,https://play-lh.googleusercontent.com/a-/ALV-UjUOBe498y2-jfJNZFdOkfP80QLM4H6IzM7e2k6ySVcX8K-BG78k,"Saran dari saya, mungkin dev bisa menambahkan mode landscape untuk membaca",5,0,8.3.0,2026-04-27 03:02:25,"Hi Kak Naufaldy, terima kasih banyak atas saran dan masukan berharga yang sudah Anda sampaikan! Kami sangat menghargai setiap detail yang diberikan. Tim kami akan mengevaluasi untuk perbaikan ke depannya.",2026-04-28 07:46:57,8.3.0
b5207504-c8ca-4c75-bed0-610738c8ab99,King Turbo,https://play-lh.googleusercontent.com/a/ACg8ocLNG-5HnYpzfUUNJSRgju294ZRHjUgMO4JHQMmc-VQ0WeB8nw=mo,"pilihan komiknya sungguh sangat sedikit sekali, mau beli versi fisik dimana mana sudah habis terpaksa baca bajakan mantap gratis",1,0,8.3.0,2026-04-24 07:51:40,"Mohon maaf atas ketidaknyamanannya yang dialami, untuk kendala Bapak/Ibu bisa hubungi kami melalui email customercare@gramedia.id atau Whats App 0811-1450-436 Agar kami bantu kendala nya lebih lanjut.",2026-04-24 11:38:23,8.3.0
f79b95b4-9e5a-4cbe-b360-46fb5caba943,Dire Bulango,https://play-lh.googleusercontent.com/a/ACg8ocKQ5-MhWvYmbdXfPXoFyKINrl45wc5iuJwV5pMJ2MlPA9Ejlw=mo,"Mendaftar saja harus kesana kemari, Merepotkan saja",1,0,8.3.0,2026-04-24 01:42:29,"Mohon maaf atas ketidaknyamanannya yang dialami, untuk kendala Bapak/Ibu bisa hubungi kami melalui email customercare@gramedia.id atau Whats App 0811-1450-436 Agar kami bantu kendala nya lebih lanjut.",2026-04-24 11:38:15,8.3.0
739ca1ed-37bb-4741-985b-90c21ec5eb0f,Dandhi Arvianto,https://play-lh.googleusercontent.com/a-/ALV-UjVhibDiTHIHqWaJAIAI2NEkdO98PbbtZIWdLmpoDgChxXgQrx23,"aplikasi ini membantu memudahkan di saat pergi kemanapun masih bisa membaca, terus berkembang, saran kedepannya bisa liat juga buku digital melalui laptop, karena untuk buku tertentu seperti tutorial sofware, buku kuliah lebih nikmat sambil buka laptop",5,9,8.3.0,2026-04-22 23:48:46,"Hi Kak Dandhi, terima kasih banyak atas saran dan masukan berharga yang sudah Anda sampaikan! Kami sangat menghargai setiap detail yang diberikan.",2026-04-23 02:42:21,8.3.0
ce7813b2-d46a-434b-834b-61903b6585ca,Agung Juliawan,https://play-lh.googleusercontent.com/a-/ALV-UjVwFgcg-cYNGNndU82myHLB_hzFD3VvS-P_NY1YYppB6WGrnnCU,busuk mau baca pake bayar semua,1,0,8.3.0,2026-04-22 19:30:54,"Halo Kak Agung, untuk membaca konten tidak berbayar bisa di cek di beranda untuk bagian Konten Gratis. Jika mengalami kendala lainnya, Kakak bisa menghubungi kami langsung melalui WhatsApp di +62 811-1450-436 atau email ke customercare@gramedia.id. Terimakasih.",2026-04-23 02:42:00,8.3.0
d97a1682-d54e-46a8-b015-a171fa65f57f,Andini Sudirman,https://play-lh.googleusercontent.com/a-/ALV-UjWOp5Bi9gNiM8BqM1aktbeHq0-fOo1YaQV8abqvkeU6OZvbGPTj,"sudah beli buku mahal, tp gak bisa dimiliki seutuhnya. gak bisa dapat pdf nya. hanya bisa baca pakai aplikasi ini. mengecewakan 👎",1,1,8.2.17,2026-04-17 15:01:39,"Mohon maaf atas ketidaknyamanannya yang dialami, untuk kendala Bapak/Ibu bisa hubungi kami melalui email customercare@gramedia.id atau Whats App 0811-1450-436 Agar kami bantu kendala nya lebih lanjut.",2026-04-18 05:50:36,8.2.17
1c04de38-3968-45ce-bf02-0fc55f5f7f86,Aan Affandi,https://play-lh.googleusercontent.com/a-/ALV-UjXGgB3a__t8Oaeirxxo-Zq7XRdImR6M8CVHQEarATWu1gmrm5U,baik,5,0,8.2.17,2026-04-05 12:55:49,"Hi Kak Aan, terima kasih atas ulasan dan masukan positifnya! Kami senang sekali Anda menikmati aplikasi kami.",2026-04-06 01:43:19,8.2.17
aa67e28a-c5dc-4482-9585-827e660c5ad5,Syifa Thanisha,https://play-lh.googleusercontent.com/a/ACg8ocIZu248SbbW0tqH7xY3tHTC4-LVnQRL_9Kd40pejXykMn2McA=mo,"overall BAGUSSS BGTT, SUKAKKK. bisa offline juga. format epub nya enak dibaca, tapi terkadang ak lebih suka format pdf (di pdf, ad halamannya, sedangkan epub tidak, karna epub bisa di custom sesuai selera yh, pdf tidak bisa, pdf/epub ada plusminus masing2, sesuai selera ajaa) Sejujurnya ak lebih suka pdf, bikin ak fokus baca meresapi, kalau epub ak jadi fokus kasih highlighter heheh. AK SUKA BGT, semoga buku di paket fiksi makin banyakk yh TYSM LOVE U",5,5,8.2.17,2026-03-31 10:43:40,"Hi Kak Syifa, terima kasih atas ulasan dan masukan positifnya! Kami senang sekali Anda menikmati aplikasi kami.",2026-04-01 03:05:25,8.2.17
d2aeb766-92a9-42be-9ff3-d8b567893085,Yusuf Alimun Sidiq,https://play-lh.googleusercontent.com/a-/ALV-UjU3p4BUzRLT-MeiLx53NCQDf1ie7ajM1fsvwpE88y_SJN_H08U,"permisi admin dimohon dengan sangat untuk hadirkan fitur layar landscape di android untuk aplikasi gramedia digital, karna di layar potrait tulisan terlalu kecil, berbeda dengan google play book yg bisa menerapkan layar landscape jadi tulisan terlihat lebih besar 👌",3,1,8.2.17,2026-03-24 16:10:58,"Hi Kak Yusuf, terima kasih banyak atas saran dan masukan berharga yang sudah Anda sampaikan! Kami sangat menghargai setiap detail yang diberikan. Tim kami akan segera mengevaluasi untuk perbaikan ke depannya.",2026-03-25 06:35:45,8.2.17
71f0c814-7482-41ad-a8b1-1ba58aa7c5b0,Michael Free,https://play-lh.googleusercontent.com/a/ACg8ocKDWedIEfK1zLRfeQYW3A-3v1b_vmS2dl0HhwEGlz8zJZAhKw=mo,"Gramedia Digital, Sangat Bagus. Bagi Pengemar Baca, saran : Perbanyak Buku dr berbagai kerjasama Mitra, Bahkan Win Win Solution. Serta Translate bahasa di sediakan....",5,4,8.2.17,2026-03-24 09:40:00,"Hi Kak Michael, terima kasih atas ulasan dan masukan positifnya! Kami senang sekali Anda menikmati aplikasi kami.",2026-03-25 06:36:08,8.2.17
71adffbc-6d94-4e9d-87f3-02effecc3055,fairy blue,https://play-lh.googleusercontent.com/a-/ALV-UjXHF-uJUtccd09n25c8JXAZKEVSCy_Gkvu9qo8WFcFGoS24UxQk,"Niatnya mau baca buku pas liburan, padahal udah klik Paket Fiksi, eeh dari awal donk ke Paket Non Fiksi ternyata, ga sadar kepencet lah Non Fiksi.. mau langganan Fiksi lagi, masa disuruh ke Paket Premium, kan harganya 2x lipat.. udah salah klik & langganan, mau beli Fiksi, tapi ga bisa, mesti yg Paket Premium 99.000.. Tolong donk, itu kan jadi 2x lipat harganya.. jadi ga jadi langganan, kecewaaaaaaaa... 😖",1,9,8.3.0,2026-03-18 03:27:29,"Hai Kak Fairy Blue, terima kasih atas saran dan masukan yang diberikan. Saran dan masukan dari Kakak akan kami bantu sampaikan ke team terkait kami agar Gramedia Digital menjadi lebih baik untuk kedepannya .",2020-01-06 14:16:42,8.3.0
619c5988-8cd1-422d-bfc4-eefab54f2af5,Antonius Indra Legowo,https://play-lh.googleusercontent.com/a-/ALV-UjW22Q4ttk_15pHi7FqB_PREbfC-HSuyfiPriFxS5DavPZ99CPG8Cg,"aplikasi sudah bagus, tapi kalau bisa ada versi dekstop / web nya dong biar bacanya lebih nyaman",5,0,8.3.0,2026-03-17 05:43:24,"Hi Kak Antonius, terima kasih banyak atas saran dan masukan berharga yang sudah Anda sampaikan! Kami sangat menghargai setiap detail yang diberikan.",2026-03-24 02:58:16,8.3.0
af29fed9-496e-4bd8-aa0a-849dfb14afa6,Muhammad Haikam,https://play-lh.googleusercontent.com/a/ACg8ocJ0zl-9zGLn3yoj0z43pTegc7-jSfiYKGf5H98v3PorvHE23Ic=mo,"Aplikasinya udah bagus, semoga kedepannya bisa bawa beberapa novel luar negeri, karena masih banyak novel terkenal yang tidak ada disini, padahal kalo ada saya yakin bisa laris, meskipun tidak usah di bahasa indonesiakan sekalipun. dan satu lagi, untuk fitur premium packagenya kurang lengkap yang dimana buku yang saya belum mau beli dan tadinya saya kira kalo udah premium package bisa nyoba baca selama sebulan ternyata gaada",5,21,8.3.0,2026-03-14 19:45:34,"Hi Kak Haikam, terima kasih atas ulasan dan masukan positifnya! Kami senang sekali Anda menikmati aplikasi kami.",2026-03-15 10:09:02,8.3.0
66c65c2f-cf4d-4585-9b60-b4742d62b0b1,Baban Maryam,https://play-lh.googleusercontent.com/a-/ALV-UjV-CXVbRHZpUW2bVxSypi-IzJ03zfyi0eEpzmvpTojWaQKgMPfx,menurut ku ini bagus sekali lebih bagus dari pada aplikasi sebelah dan aku bisa login dengan lancar pokoknya keren deh bukunya banyak banget yang ku suka aku lebih suka novel nya bagus,5,4,8.2.17,2026-03-11 00:56:30,"Hi Kak Baban, terima kasih atas ulasan dan masukan positifnya! Kami senang sekali Anda menikmati aplikasi kami.",2026-03-12 03:36:11,8.2.17
2bf0fb5c-3af4-4a9a-86d0-0ec6bec071f2,fatimah,https://play-lh.googleusercontent.com/a-/ALV-UjVV_82Y-m6_d0syc1zAM1mKR9E9H3OjkdpwiHD2dGyc1eIQwms,kirain bakal dikirimin pdf gitu sekalinya kudu baca di apk & ga flexible kayak baca di pdf biasanya🫩,2,0,8.2.17,2026-03-08 14:01:41,"Hi Kak Fatimah, sesuai dengan ketentuan layanan Gramedia Digital, penggunaan konten hanya dapat diakses di dalam aplikasi Gramedia Digital.

Jika ada kendala lain, Kakak bisa menghubungi kami langsung melalui WhatsApp di +62 811-1450-436 atau email ke customercare@gramedia.id. Kami siap membantu!",2026-03-09 07:47:49,8.2.17
b588b6b2-2eee-4acd-83ea-e51a61127741,Muhafi Parenban,https://play-lh.googleusercontent.com/a-/ALV-UjWb-MPYfsA40i6j_o5fZ2ohIvRWCYY2gyQrap8uBRxFPalfZeEs,Cuma running di native Android dan iOS. Tolong dong kasih desktop-app. Gak semua orang punya tablet. Capek banget baca format pdf via handphone. Mana EPUB-nya masih dikit banget lagi. Itu aja keresahan saya dengan apps ini.,2,90,8.2.17,2026-03-01 19:28:50,"Hi Kak Muhafi, terima kasih banyak atas saran dan masukan berharga yang sudah Anda sampaikan! Kami sangat menghargai setiap detail yang diberikan. Tim kami akan mengevaluasi untuk perbaikan ke depannya.",2026-03-02 07:40:11,8.2.17
cca60a8b-0922-417a-89df-c5fe8b1c967b,Samuel Walter Pasaribu,https://play-lh.googleusercontent.com/a-/ALV-UjVuuyfrfceY_08Hj3Pa4YLxVesCM0vsvM5TjlDRvskiLdgRD2Hi7A,aplikasinya gak compatible untuk Windows. Padahal E-book itu paling enak dibaca di laptop yang layarnya gede. Mau buat ngerjain skripsi juga susah,1,0,8.2.17,2026-02-24 04:30:24,"Mohon maaf atas ketidaknyamanannya yang dialami, untuk saat ini aplikasi Gramedia Digital hanya tersedia di Android dan iOS. Jika ada kendala lain Bapak/Ibu bisa hubungi kami melalui email customercare@gramedia.id atau Whats App 0811-1450-436 Agar kami bantu kendala nya lebih lanjut.",2026-02-25 01:25:08,8.2.17
01ecdba7-9311-464f-8bfd-a3abf6db1596,Fatimah Nazwa Mardhatila,https://play-lh.googleusercontent.com/a-/ALV-UjVvu7Kwkj_-LCkUpmQjAvtfoesAnJP0Mg4CdOV9yuTpbSQi2lLB,"kok ada tulisan ""terjadi kesalahan pada pemmerosesan file, silahkan hubungi tim Gramedia"" itu kenapa ya? soalnya mau makalah buat kuliah",2,0,8.2.17,2026-02-23 08:57:57,"Mohon maaf atas ketidaknyamanannya yang dialami, untuk kendala Bapak/Ibu bisa hubungi kami melalui email customercare@gramedia.id atau Whats App 0811-1450-436 Agar kami bantu kendala nya lebih lanjut.",2026-02-23 09:23:37,8.2.17
101acf13-b03e-47e8-b981-f02240abf4d6,Asih Winarti,https://play-lh.googleusercontent.com/a-/ALV-UjWcpSgOsY8jW_Oo8L9vtfZTpNa0Du_cn6_F61xDCWG_hWhMKy1s,setelah di upadate pilihan login lewat myvalue udah gk ada jadi gk bisa login padahal udah berlangganan😭,1,3,,2026-02-21 02:30:57,"Mohon maaf atas ketidaknyamanannya yang dialami, untuk kendala Bapak/Ibu bisa hubungi kami melalui email customercare@gramedia.id atau Whats App 0811-1450-436 Agar kami bantu kendala nya lebih lanjut.",2026-02-21 03:13:58,
43a0d416-329e-4af4-922c-2f19c691f343,anotherlife 27,https://play-lh.googleusercontent.com/a-/ALV-UjW4HESpJJz92DeOR7UV8YavSUjp-zEbwfxFB4r_blVOfFLd6W4,sampai berlangganan tiap bulan demi baca buku-buku keren di Gramedia Digital. huhuuu keren parahh,5,3,8.2.15,2026-02-20 07:09:05,,,8.2.15
79bcba1e-da2f-473d-af5e-9719acd11c20,A G,https://play-lh.googleusercontent.com/a-/ALV-UjUtQXZJJgPn1Pvje4HXiDFYPDtD8ZuzDk1E605YOeuRxHAtN7hq,"ini kenapa ya? buku-buku yang sudah saya baca, tapi di tampilan menandakan buku masih blm selesai dibaca padahal sudah tuntas semua, masih banyak format pdf yg membuat tidak nyaman membaca & tidak ada setting zoom permanen untuk di tampilan halaman ( setting ulang trs setiap membalik halaman). Saya berharap semoga ada perbaikan yg lebih baik. Trimakasih",3,4,8.2.15,2026-02-20 03:06:23,"Mohon maaf atas ketidaknyamanannya yang dialami, untuk kendala Bapak/Ibu bisa hubungi kami melalui email customercare@gramedia.id atau Whats App 0811-1450-436 Agar kami bantu kendala nya lebih lanjut.
",2026-02-21 03:13:39,8.2.15
0117dd46-b39c-4195-bc62-ef70e9516ffc,Maulia Nofiyani,https://play-lh.googleusercontent.com/a/ACg8ocLiTjQXILzsN8s1CILSVJbfLhgX2Hak6kq6NYSPmtJi6PBoPw=mo,"sangat berguna dan membantu kita buat cari buku baca ,trima kasih Gramedia",5,0,,2026-02-19 02:54:45,,,
7db7b41a-80b5-44cf-b69b-a08753b6d8d0,Edi Junaidi,https://play-lh.googleusercontent.com/a/ACg8ocJS2qDxiL_mEwRQklMH5GGfhiN3BIqa5nj4sPPjyvQ7wsnx9_Ff=mo,ok,5,0,8.2.14,2026-02-15 16:54:50,"Hi Kak, terima kasih atas ulasannya! Kami senang sekali Anda menikmati aplikasi kami. Untuk sekarang Gramedia Digital hanya tersedia di iOS dan Android",2026-02-18 06:43:57,8.2.14
1541a575-045a-4326-868d-c3ec03315329,Budi Sagala,https://play-lh.googleusercontent.com/a/ACg8ocKb2YraexUpY2ThGBVzMSfJZG67_283rPk-JGdj-HqMpt2luQ=mo,"min, tolong tambahin fitur baca otomatis, untuk saya yang low vision sangat membantu, karna setelah update aplikasi talkback di hp saya gakbisa baca bukunya lagi, entah kenapa",4,20,8.2.14,2026-02-08 09:54:05,"Hi Kak Budi, terima kasih banyak atas saran dan masukan berharga yang sudah Anda sampaikan! Kami sangat menghargai setiap detail yang diberikan. Tim kami akan mengevaluasi untuk perbaikan ke depannya.",2026-02-09 02:44:51,8.2.14
ba9d9598-8b69-4327-a3f0-5267556e5002,"Capt.H Moh Anton Hermawan E.P SE,MM,CHRA",https://play-lh.googleusercontent.com/a-/ALV-UjXSYPwXHHMbWRwHHO1KgMbqbDmDJNA-WBCysVJ1pK9XnNSQ3Xvh,"cukup bagus, kapan ada versi untuk aplikasi di Windows",4,2,8.2.14,2026-01-31 10:52:01,"Hi Kak, terima kasih atas ulasannya! Kami senang sekali Anda menikmati aplikasi kami. Untuk sekarang Gramedia Digital hanya tersedia di iOS dan Android",2026-02-03 04:20:29,8.2.14
ec7511c5-1eff-460f-acad-a1c2c24080d9,Faerosa,https://play-lh.googleusercontent.com/a-/ALV-UjWXIZ_gxaWmqd9_TbnDcSYnJnhjAB5fOC63Hlnk7nFpV5iedG2E,"kak bedanya aplikasi ini,sama gramedia yang satunya apa ya",5,0,8.2.13,2026-01-23 22:22:21,"Hai Kak Faerosa, untuk aplikasi ini adalah aplikasi Gramedia Digital (eBook) buku digital. Untuk Aplikasi Gramedia adalah khusus pembelian buku fisik ya Kak.",2026-01-26 07:07:46,8.2.13
aa007d61-2bbf-4609-9936-f021adc01bd8,Suar Halawa,https://play-lh.googleusercontent.com/a-/ALV-UjV3GxaaQcbYe1Hv5TP4-vRNOKwQ18MzgQqHne5N7O_d18FYvX11,buku yang kita beli gk bisa di download,3,0,,2026-01-21 16:19:05,"Mohon maaf atas ketidaknyamanannya kak, untuk kendalanya bisa hubungi kami melalui email customercare@gramedia.id atau Whats App 0811-8280-196 Agar kami bantu kendala nya lebih lanjut ya.",2026-01-22 03:28:59,
a6db6b4e-11ef-482f-9ba9-6ba208b20839,hendi Imagination,https://play-lh.googleusercontent.com/a-/ALV-UjWAhIt3FbRovyWuverzWaqieAjavIjVYlxKCvgebEeIoLTRweIf,"perkembangannya luar biasa, readernya sudah semakin baik. meski ada beberapa yang perlu di tingkatkan tapi gramedia digital sekarang sudah sangat oke",5,33,8.1.3,2026-01-21 03:47:27,"Hi Kak, terima kasih atas ulasan dan masukan positifnya! Kami senang sekali Anda menikmati aplikasi kami.",2025-07-02 06:47:37,8.1.3
f290c2e9-614f-43d3-a0bb-a93d86193ea6,M Izzat Hidayat,https://play-lh.googleusercontent.com/a-/ALV-UjWNuVJ_sDp588At_ppW5WD1xzPbvoCdie5zAf7CPzF-H1X2S60y,"saya mau ngasih komplain sekaligus saran karena saya sudah langganan TOLONG PREVIEWNYA JANGAN HARUS DI UNDUH SATU2,, CAPE UDAHMAH SAMPULNYA KAGA KELIATAN, MASA HARUS DONLOD DULU BARU KELIATAN, kalau bisa di unduh itu sekaligus bisa semua ,, dan minta tolong utamakan kenyaman mata dan membaca kedepannya mohon untuk diperbaiki mas/mba , sekali lagi terimakasih🙏 maaf kalo misal saya frustasi pake huruf kapital",1,1,,2026-01-11 15:33:05,"Mohon maaf atas ketidaknyamanannya yang dialami, untuk kendala Bapak/Ibu bisa hubungi kami melalui email customercare@gramedia.id atau Whats App 0811-8280-196 Agar kami bantu kendala nya lebih lanjut.",2026-01-12 04:47:29,
54a03cf9-eb56-40f1-8d3f-904a27cdab99,Yugi Yami,https://play-lh.googleusercontent.com/a-/ALV-UjUJLXKSerAsRNvUcF_tE10ynli-ueteN4HPBX3iB2-SgXYDAQU,yang ku beli sama yang ku dapet beda 2 kali beli dan 2 kali dapat tidak sesuai yang di beli,1,0,8.2.13,2026-01-04 12:24:41,"Mohon maaf atas ketidaknyamanannya yang dialami, untuk kendala Bapak/Ibu bisa hubungi kami melalui email customercare@gramedia.id atau Whats App 0811-8280-196 Agar kami bantu kendala nya lebih lanjut.

",2026-01-05 04:10:43,8.2.13
147cea9d-41b4-4047-a387-6253ab62b1a3,Ardhiansyah,https://play-lh.googleusercontent.com/a-/ALV-UjWatN2aUs5MDV9Y4LeLiCYdh2RNm5_vkNZfOt9IBuYjpYphxo4b,"Buku yang telah diunduh ketika paket berlangganan habis, tidak bisa dibaca lagi dan harus berlangganan terus-menerus. Tidak seperti dulu, bebas baca kapan pun setelah paket berlangganan habis.",1,8,8.2.13,2026-01-02 01:04:46,"Hi Kak Ardhiansyah saat ini untuk Gramedia Digital menggunakan sistem langganan untuk akses EBooks dalam paket Premium (fiksi & nonfiksi), dan tersedia pembelian EBooks satuan. Untuk dapat akses secara permanen Kakak dapat memilih opsi pembelian satuan.",2026-01-02 03:06:32,8.2.13
5eb3aa01-40ce-4b45-8643-4bb11a40d9ef,Rani Hasanuddin 2007,https://play-lh.googleusercontent.com/a/ACg8ocJUdWTz2hl0vijWnctJpvxW5BCurwMIvucJyL8EcBi0slWWdA=mo,bagus,5,0,8.2.12,2025-12-21 07:35:01,"Hi Kak Rani, terima kasih atas ulasan dan masukan positifnya! Kami senang sekali Anda menikmati aplikasi kami.",2025-12-24 05:46:34,8.2.12
4d511330-7a37-473a-9234-b9b610211441,Anwar Anyar,https://play-lh.googleusercontent.com/a/ACg8ocLZ8Ez8hLp0b5WFHSZ8jMEcRBnzqub1GCcHD0DsjIc_HGEsqg=mo,wa kira gratis,1,0,8.2.12,2025-12-12 10:24:42,"Hi Kak Anwar, silahkan mengakses Konten Gratis di halaman homepage untuk mencoba membaca ebook di aplikasi kami secara gratis. Terima kasih.",2025-12-15 04:19:23,8.2.12
286f7e5c-cb82-4475-b929-14cb63f87310,Thoriq Perkasa,https://play-lh.googleusercontent.com/a/ACg8ocIiVzBn4DaDEEnA5PZiqCR9C1QiPM0R3qY44vgZP00q6k6p0zY=mo,mantap.....sudah sesuai dengan yg diharapkan.....,5,0,8.0.1,2025-12-09 01:48:05,"Hi Kak Thoriq, terima kasih atas ulasan dan masukan positifnya! Kami senang sekali Anda menikmati aplikasi kami.",2025-12-15 04:17:56,8.0.1
0d0f1955-e7c7-42b2-b4a2-c1275cfff3ef,Susan Saputri,https://play-lh.googleusercontent.com/a-/ALV-UjW-j_v4R_6Aw4wGPIKANW7enqb1LsqsQCkzmsT22SasOTMErlZJ,ebook udah dibeli tapi ga bisa di download,1,1,8.2.12,2025-11-29 05:07:52,"Hi Kak Susan, mohon maaf atas ketidaknyamanannya ya. Untuk membantu kami mengecek dan mengatasi masalah ini lebih lanjut, boleh tolong informasikan email yang terdaftar di akun Kakak? Kakak bisa menghubungi kami langsung melalui WhatsApp di +62 813 7070 8828 atau email ke customercare@gramedia.id. Kami siap membantu!",2025-12-01 03:23:00,8.2.12
707c13fe-1df0-4434-8049-7a18c9129af7,Desri M S,https://play-lh.googleusercontent.com/a-/ALV-UjX8KQJAh0ztQYe21_L3S7L5lvbTHv8KCjx54oDmS8bFonHKvGU,"lelah membaca via Hp, alangkah bagusnya jika bisa dibaca via website. Pengalaman yang kurang menyenangkan. cukup sekali saya beli buku digital. kecuali Gramedia berbenah.",2,3,,2025-11-24 13:52:33,"Hi Kak Desri, untuk saat ini Gramedia Digital hanya tersedia di mobile. Terima kasih banyak atas saran dan masukan berharga yang sudah Anda sampaikan.",2025-11-25 03:59:39,
378e16b0-b9dd-4043-aff4-821c002bb997,Salsha Nugraha,https://play-lh.googleusercontent.com/a-/ALV-UjVZqDtlWHhruKEZj3Dep7jEluu7who5mYzPTQn-gO_Q9sEZdOo,"tidak dapat mengirim email verifikasi.. lebih dari 24 jam tidak ada email masuk, sudah di cek di kotak masuk spam pun tidak ada.",1,6,8.2.11,2025-11-23 07:36:06,"Hi Kak Salsha, mohon maaf atas ketidaknyamanannya ya. Untuk membantu kami mengecek dan mengatasi masalah ini lebih lanjut, boleh tolong informasikan email yang terdaftar di akun Kakak?

Kakak bisa menghubungi kami langsung melalui WhatsApp di +62 813 7070 8828 atau email ke customercare@gramedia.id. Kami siap membantu!",2025-11-25 03:57:38,8.2.11
4392ebc7-8b8a-44e4-8fa0-0f02a85b1d18,Sintong Arfiyansyah,https://play-lh.googleusercontent.com/a-/ALV-UjVxbmpkG7wMKiyas85ljoLCapMXVx1x6d1MtaFcmvGt_U9MlMYN,"mungkin bisa ditingkatkan untuk fitur membaca dua halaman dalam satu tablet secara horisontal, jadi nyaman untuk digunakan ( seperti google book punya)",5,10,8.2.9,2025-11-12 01:05:40,"Hi Kak Sintong, terima kasih banyak atas saran dan masukan berharga yang sudah Anda sampaikan! Kami sangat menghargai setiap detail yang diberikan.",2025-11-18 09:04:15,8.2.9
3b8d24d3-2d78-4699-8a1a-bc4f467bdf53,Zulfan Fauzi,https://play-lh.googleusercontent.com/a-/ALV-UjWBlqAbtotm4MvwL-uozN1diPiG_uCMvbBm_zqL5jVYledsA_A,tolong sediakan mode baca seperti ipusnas. mata saya agak kurang nyaman membaca di gawai tanpa mode baca.,5,49,8.2.9,2025-11-11 00:48:58,"Hi Kak Zulfan untuk pengaturan tampilan mode baca dapat ditemukan pada konten dengan format EPUB, terima kasih banyak atas saran dan masukan berharga yang sudah Anda sampaikan",2025-11-11 06:35:38,8.2.9
457392f3-9c87-4a23-abf9-5da7857e007c,EL_ Nyelebew,https://play-lh.googleusercontent.com/a/ACg8ocKYE9-ntWjWCku4TVMsd1uKwgnfbB6Xl96aUaXxo1sekGNNUA=mo,sudah berminggu-minggu saya ingin membaca di Gramedia Digital tapi selalu kena masalah sinyal buruk tulisan nya : pengaturan gagal di muat silahkan cek koneksi padahal koneksi saya sudah bagus berkali kali saya kirim email komplain ke Instagram Gramedia Digital kenapa belum di respon?? padahal saya ingin beli buku tapi kalo seperti ini sangat lambat di tanggapi saya malas memakai aplikasi ini Padahal mau berlangganan tolong segera di tinjau masalahnya,1,6,,2025-11-09 03:28:20,"Mohon maaf atas ketidaknyamanannya yang dialami, untuk kendala Bapak/Ibu bisa hubungi kami melalui email customercare@gramedia.id atau Whats App 0811-8280-196 Agar kami bantu kendala nya lebih lanjut.",2025-11-10 03:27:53,
c5e736e5-d5e9-46ca-ac17-f554be4add6c,Super Accountant,https://play-lh.googleusercontent.com/a/ACg8ocJSPUaO9WB_Prl2GIJGIhqyfXYE3he6ko0qI5kW9zFwwWFeb5g=mo,"buat Gramedia tolong dong kalo yg format pdf ada fitur perbesar tulisan kaya text reflow, biar lebih nyaman bacanya",2,9,8.2.9,2025-11-08 11:31:51,"Hai kak, Gramedia Digital saat ini terus berupaya untuk lebih baik lagi khususnya dalam kendala pembayaran dan layanan kepada seluruh pelanggan. Terima kasih atas saran dan masukannya akan kami sampaikan kepada tim terkait. Terima kasih",2020-11-13 08:08:03,8.2.9
5f5b5479-1f2c-4d4c-bd71-039d166c7849,Muhammad fikri adiza,https://play-lh.googleusercontent.com/a-/ALV-UjU7Wg5vvggfP9q8e0vojM3Y3kJIOyxtCaobrXKTxg5sdlA6hu1U,kurang lengkap,3,0,,2025-11-08 06:32:12,"Mohon maaf atas ketidaknyamanannya yang dialami, untuk kendala Bapak/Ibu bisa hubungi kami melalui email customercare@gramedia.id atau Whats App 0811-8280-196 Agar kami bantu kendala nya lebih lanjut.

",2025-11-08 08:30:23,
0287b1ab-1550-4156-b5d8-45d9d454e5f6,Super Women,https://play-lh.googleusercontent.com/a/ACg8ocLvjm_5iWI-bKsrvyK0Fu9fVlUYIctS2jJg5TJQaQ5BxnyG5w=mo,Best apps untuk membaca!,5,1,,2025-11-03 08:55:21,"Hi Kak, terima kasih atas ulasan dan masukan positifnya! Kami senang sekali Anda menikmati aplikasi kami.",2025-11-10 03:23:09,
84b88e59-59cb-43b8-86b5-abf4b532c3c6,Akun “Ilyas” Google,https://play-lh.googleusercontent.com/a/ACg8ocJTemV_CNLw3Lluq3dKQcqJicccjwmEV4IcnUYoth_KWCaxNpU=mo,mohon maaf ini kenapa saya tidak bisa membeli buku yang berjudul bicara itu ada seninya tidak bisa dibeli malah error tolong di perbaiki,3,0,,2025-10-24 07:06:34,"Hi Kak Ilyas, mohon maaf atas ketidaknyamanannya yang dialami, untuk kendala ini sudah terselesaikan, bisa dicoba kembali untuk pembelian buku 'Bicara Itu Ada Seninya'. Jika masih mengalami kendala, Kakak bisa menghubungi kami melalui email customercare@gramedia.id atau Whats App 0811-8280-196 agar kami bantu kendala nya lebih lanjut.",2025-10-27 03:21:05,
6423496d-cb43-4910-933d-b63178756009,Nuraeni,https://play-lh.googleusercontent.com/a-/ALV-UjXZ12nsZbm-fxGYi3qUSfjO5CVg9fC5THyuKvbMJU7NIHBjSTKRNA,harusnya buku yg udah di download pas akun premium tetep bisa dibaca walaupun langganan udah berakhir kaya dulu. kaya gini jadi susah harus langganan terus terusan,2,19,8.2.8 (370),2025-10-21 01:14:50,"Mohon maaf atas ketidaknyamanannya yang dialami, untuk kendala Bapak/Ibu bisa hubungi kami melalui email customercare@gramedia.id atau Whats App 0811-8280-196 Agar kami bantu kendala nya lebih lanjut.",2025-10-24 01:17:35,8.2.8 (370)
aaab994b-6757-492b-9fb3-b8630050ab78,Roy Djanggu,https://play-lh.googleusercontent.com/a-/ALV-UjVdnF0ipnCWBikIAmELqUsRdjhRl4YyG8LcRdj1yeWIOnh72kzW,"saya sudah membeli 3 buku namun tidak bisa mengakses atau membukanya di perpustakaan,kemudian sudah berkonsultasi dengan CS namun tidak ada jalan keluar.",1,4,8.2.8 (370),2025-10-19 15:00:39,"Mohon maaf atas ketidaknyamanannya yang dialami, untuk kendala Bapak/Ibu bisa hubungi kami melalui email customercare@gramedia.id atau Whats App 0811-8280-196 Agar kami bantu kendala nya lebih lanjut.

",2025-10-20 02:47:47,8.2.8 (370)
f09f71ec-7a48-4e1c-b6e8-866b5242cd2c,Mery Ana,https://play-lh.googleusercontent.com/a/ACg8ocLDDYEbT6mC0vgTEQAL3Jvkueu-85fticfJ8aC0zeYsaXajRg=mo,saya sering tidak bisa terhubung dengan buku online saya dan setiap tanya ke cs online itu tidak ada jawaban,1,0,8.2.8 (370),2025-10-19 11:49:52,"Mohon maaf atas ketidaknyamanannya yang dialami, untuk kendala Bapak/Ibu bisa hubungi kami melalui email customercare@gramedia.id atau Whats App 0811-8280-196 Agar kami bantu kendala nya lebih lanjut.

",2025-10-20 02:48:00,8.2.8 (370)
ff12db49-050d-410e-8e99-d31ab4f5d7a0,Cah Ganteng,https://play-lh.googleusercontent.com/a/ACg8ocLjXJNGzLTv2GR-D8JdZjPaRRroD_US96xOvb_yVxS9IJmBpQ=mo,"habis beli paket premium, unduh bukuunya lamaa sampai-sampai tidak jadi downloaaad, gimana sih ini aplikasinya !!!!!!",1,0,,2025-10-17 17:23:15,"Mohon maaf atas ketidaknyamanannya Bapak/Ibu terkait kendala yang di alami mohon dapat reinstall aplikasi Gramedia Digital, apabila Bapak/Ibu masih terkendala mohon dapat menghubungi kami via whatsapp di nomor berikut +62 813 7070 8828",2025-10-20 02:49:34,
836c35b9-3853-4ad5-82d3-37f78eca72f1,Rifqi Maulana,https://play-lh.googleusercontent.com/a/ACg8ocKG1avqOh1WBX1sRFaBTKQt3SKaFc3RDBZS61txb6VMx3qUFQ=mo,bisa tambahkan fitur dark mode kah karna terlalu terang saat membaca malam hari,4,4,8.2.7-01,2025-10-12 13:09:29,"Hi Kak Rifqi, untuk fitur dark mode tersedia di konten dengan format EPUB. Terima kasih atas ulasannya! Kami senang sekali Anda menikmati aplikasi kami.",2025-10-13 04:05:41,8.2.7-01
4165e040-7215-4b29-af63-031bfef37542,Rina Martha,https://play-lh.googleusercontent.com/a/ACg8ocIYuj8_IP3jTJEyS1PhA7F7fpZjcNuCzvfiDVjtmKeu-GBBcpQ=mo,"aku beli salah satu buku disini, dan udah aku download. ketika aku ganti HP, aku perlu download lagi dan downloadnya sangat lama dan ujung2nya gagal. pdhl lagi butuh utk penulisan ilmiah.",1,5,8.2.7-01,2025-10-11 09:43:26,"Hi Kak, terimakasih atas inputnya. Untuk saat ini aplikasi Gramedia Digital hanya tersedia di mobile version.",2025-07-07 04:13:35,8.2.7-01
30abe5ba-1b6d-4ff5-b779-caf57b939cd1,Priaji Dewa,https://play-lh.googleusercontent.com/a-/ALV-UjWYbW8rtTvVvm3Sq4GCWdSqSPW71K1XNmi-coL-FNUByQxAkPBS,sejauh ini bagus,5,0,8.2.4,2025-10-03 12:30:32,"Hi Kak Priaji, terima kasih atas ulasannya! Kami senang sekali Anda menikmati aplikasi kami.",2025-10-06 03:19:44,8.2.4
2fc9d90c-3d24-420b-b9a2-caf925859c72,Aqua Jogi,https://play-lh.googleusercontent.com/a-/ALV-UjVPrdphc8BZxQn4Vbde9gBtDJ3HFRbHj0H_BQvI2SHwFlJabiFV,sulit betul daftar akun,5,0,8.2.5,2025-09-30 05:38:48,"Mohon maaf atas ketidaknyamanannya yang dialami, untuk kendala Bapak/Ibu bisa hubungi kami melalui email customercare@gramedia.id atau Whats App 0811-8280-196 Agar kami bantu kendala nya lebih lanjut.

",2025-10-06 03:21:16,8.2.5
67675338-dd9a-4410-b18f-87e6d803fe43,Natasya Billah,https://play-lh.googleusercontent.com/a-/ALV-UjWKSpEqxOjzw_g7dr7SiYYppBRCbVjDTZopVqjm_hUsarEKuCml,"Paket premium full package katanya bisa akses semua buku, tapi nyatanya masih ada yang ga bisa di buka.",3,8,8.2.6,2025-09-28 08:32:08,"Halo Kak Natasya, terima kasih sudah memberikan ulasan! Untuk menemukan buku-buku di paket premium, Kakak bisa langsung menggunakan fitur pencarian di halaman paket atau mencari ikon berlian pada sampul buku. Semoga ini membantu Kakak menemukan bacaan favorit berikutnya!",2025-09-30 04:13:07,8.2.6
30d10990-c41e-45ed-8384-286854dfd540,meta candra,https://play-lh.googleusercontent.com/a-/ALV-UjWxxQjxem_1FJ4crLn5OPJNenb6VkQv3QUfE-pVWO0YJSUZkG74,setelah di update. kenapa setiap jam 11-1 malem kok rusak terus? cs juga ngak bisa dihubungi? mending ngak usah di-update kalo kaya gini. ngak lucu kak. tolong diperbaiki lagi yaa,2,4,8.2.5,2025-09-25 17:21:39,"Mohon maaf atas ketidaknyamanannya yang dialami, untuk kendala Bapak/Ibu bisa hubungi kami melalui email customercare@gramedia.id atau Whats App 0811-8280-196 Agar kami bantu kendala nya lebih lanjut.

",2025-09-26 02:11:14,8.2.5
1a1f66da-8d8d-4320-816b-d6f666cd47c3,trafalgar,https://play-lh.googleusercontent.com/a-/ALV-UjXTwP2PmPZtr7gdJOEakE23n2D3w3c2SYBkt_mBFwQksLw1XTHB,ebook gua kenapa ga bisa dibuka?,1,0,8.2.6,2025-09-24 07:46:58,"Mohon maaf atas ketidaknyamanannya yang dialami, untuk kendala Bapak/Ibu bisa hubungi kami melalui email customercare@gramedia.id atau Whats App 0811-8280-196 Agar kami bantu kendala nya lebih lanjut.
",2025-09-25 03:24:10,8.2.6
a60520cb-e335-452a-ae29-4bd9426511aa,Jingga Desember,https://play-lh.googleusercontent.com/a-/ALV-UjU64fZkovhctHwygmcrAdyCmn3CD8clR_M0r3gvwLNqbJABMg0l,"Tolong ditingkatkan lagi desain user interfacenya, karena saya sbg user tdk mendapatkan pengalaman terbaik ketika membaca. C`mon 99.000/bulan hanya mendapatkan tampilan UI seperti ini. You can do better than this!.",3,13,8.2.5,2025-09-24 04:31:09,,,8.2.5
f0f486bc-261e-40dc-ab33-45c4ff8f1c4d,Fuad Nasir,https://play-lh.googleusercontent.com/a-/ALV-UjWcRE4SSyIfk91_A5ADQqM-uSwdLDyYREGU_MX94h13h2-2KGyM,sudah langganan paket non fiction karena memang tidak mau baca buku fiksi dulu. ternyata masih banyak buku nonfiksi yang terkunci. parah dan ini terkesan Miss informasi. ternyata harus beli yang paket premium. kenapa tidak bilang sejak awal kalau banyak paket nonfiksi yang terkunci meskipun sudah membeli paket nonfiksi. kalau tahu begini mending saya beli yang paket premium sejak awal. karena awalnya itu karena saya tidak mau membaca buku fiksi.,1,0,8.2.6,2025-09-23 16:57:23,"Mohon maaf atas ketidaknyamanannya yang dialami, untuk kendala Bapak/Ibu bisa hubungi kami melalui email customercare@gramedia.id atau Whats App 0811-8280-196 Agar kami bantu kendala nya lebih lanjut.

",2025-09-24 03:03:29,8.2.6
c722c5d7-7c6e-4ac2-abeb-1e6402ff6ea4,Reza Code,https://play-lh.googleusercontent.com/a-/ALV-UjVIUAB9qVESMinBjIpAV4Yzjs3S_ug9cmEZwXw2u8LXkOA2cb1c,"daftar dibuat ribet. dibilang nomor sudab terdaftar, jelas-jelas nggk punya akun",1,2,8.2.5,2025-09-23 08:55:11,"Mohon maaf atas ketidaknyamanannya yang dialami, untuk kendala Bapak/Ibu bisa hubungi kami melalui email customercare@gramedia.id atau Whats App 0811-8280-196 Agar kami bantu kendala nya lebih lanjut.

",2025-09-24 03:03:35,8.2.5
049fcef8-aff9-46c8-af8d-a7c33d4fed07,IQBAL MASRIL DJANAIK,https://play-lh.googleusercontent.com/a-/ALV-UjUWlEhjGcXIAOLfD2poc8u0BxtCE6L3S-uMnIW568f2I8yhei1y,Bagus digunakan,4,0,,2025-09-14 08:37:06,"Hi Kak Iqbal, terima kasih atas ulasan dan masukan positifnya! Kami senang sekali Anda menikmati aplikasi kami.",2025-09-15 04:47:19,
6c34a982-7304-4c80-947c-7bb7e17682a7,ramkha,https://play-lh.googleusercontent.com/a/ACg8ocKJiBkRoVRG7waHwwArUgD8-dNf-HL_Zh95GozqHNgxZRLTNA=mo,kurengg,3,0,8.2.5,2025-09-13 05:04:06,"Hi Kak Ramkha, terima kasih atas ulasannya. Jika ada kendala Kakak bisa menghubungi kami langsung melalui WhatsApp di +62 813 7070 8828 atau email ke customercare@gramedia.id.",2025-09-15 04:48:48,8.2.5
07a01903-c892-4f4d-bc18-ab76e1eaba3c,Rifqi Firdaus,https://play-lh.googleusercontent.com/a-/ALV-UjVjX79pRBsNkZ_KyJ6cVPY4pF-hxSLBFeYJrE6ENOK79vHWWJI,"saya sudah verifikasi email, tapi pas mau login katanya belum diverifikasi gimana sih",1,2,8.2.5,2025-09-10 00:43:29,"Mohon maaf atas ketidaknyamanannya yang dialami, untuk kendala Bapak/Ibu bisa hubungi kami melalui email customercare@gramedia.id atau Whats App 0811-8280-196 Agar kami bantu kendala nya lebih lanjut",2025-09-10 09:03:47,8.2.5
8aa8180b-1835-421d-8578-3a3e619748aa,Andreas Irwan,https://play-lh.googleusercontent.com/a/ACg8ocJDeEWQLx5-tWGh3ioPuoRx1WBYyKYFA0ydw3HR7fkXgGPxsw=mo,Keep your Good work 😎,5,0,,2025-08-16 01:27:36,"Hi Kak Andreas, terima kasih atas ulasan dan masukan positifnya! Kami senang sekali Anda menikmati aplikasi kami.",2025-08-26 05:49:38,
b36035f1-e42c-4c85-80c4-7c807dc74f81,Henny Martika,https://play-lh.googleusercontent.com/a-/ALV-UjWkkkCmQaxTMQl3DgmWmAX3aDLtCxRnJ9znkYAgBcsZE1unS4c,"saya suka dengan Gramedia digital.. aplikasi ini membantu agar rak buku (fisik) ku tidak selalu penuh🤭, saya pun tidak perlu capek2 bawa buku banyak2 selama perjalanan. hanya yang menjadi concern saya: - koleksi buku yang mau saya beli belum banyak 🥲, berharap dikemudian hari semakin banyak pilihan buku di aplikasi ini. - Fitur bookmark, berharap bisa diketik judulnya agar lebih mudah menkategori - fitur highlight for semua tipe buku (novel), beberapa ada yg tidak ada - add setting size font",4,54,8.2.4,2025-08-03 07:43:46,"Hi Kak Henny, terima kasih atas ulasan dan masukan positifnya! Kami senang sekali Anda menikmati aplikasi kami. Untuk mengajukan pilihan buku, Anda bisa mencoba fitur Pengajuan Konten di bagian Akun. Untuk fitur bookmark, highlight & setting size font: saat ini tersedia di buku dengan format EPUB. Kami menghargai setiap detail yang diberikan.",2025-08-04 04:09:23,8.2.4
1b5e5189-6c20-46b4-ac59-b251d06244ee,Taat Retiana,https://play-lh.googleusercontent.com/a/ACg8ocJRcYgbIPwlPdxZ34EXADErVPZS1W3VZ4Il5p5LcvICpQBo7Xg=mo,"Tolong buat langganannya bisa auto tambah durasi kalau kita beli premium ketika langganan sebelumnya masih aktif. Sering bgt liat Gramedia Digital promo paket premium tapi langgananku masih aktif, giliran udah gak aktif, gak ada promo. Kan sayang bgt, tapi ini sih opini sebagai customer aja.",5,69,8.2.4,2025-07-28 14:28:28,"Hi Kak Taat, terima kasih banyak atas saran dan masukan berharga yang sudah Anda sampaikan! Kami sangat menghargai setiap detail yang diberikan.",2025-07-29 02:40:38,8.2.4
e24275be-77b9-4145-a61d-11a20a399231,Ujang Saepulloh,https://play-lh.googleusercontent.com/a-/ALV-UjWGkbwzuW0BavKz-lN-YZENSmv-2NoRqOfr8mGCQmh-1vQnPDTT,"Kurang fitur highlight, semoga kedepannya ada",4,2,8.2.4,2025-07-27 23:02:26,"Hi Kak Ujang, untuk fitur highlight saat ini tersedia untuk konten dengan format EPUB. Terimakasih untuk ulasan dan masukannya.",2025-07-28 02:41:33,8.2.4
467c84c9-40b3-4291-8dff-7276e4ef869a,Indri Sabrina,https://play-lh.googleusercontent.com/a-/ALV-UjVxUtF4MpkorbU-oegcfjy0BngxmiamPOrsb45RMnODRqISUeTF,"gabisa login, padahal sudah buat akun baru 2x saya kasih bintang 1 dulu, saya kurang suka sama pelayanan nya!",1,1,,2025-07-20 08:20:37,"Hi Kak Indri, mohon maaf atas ketidaknyamanannya ya. Untuk membantu kami mengecek dan mengatasi masalah ini lebih lanjut, boleh tolong informasikan email yang terdaftar di akun Kakak?

Kakak bisa menghubungi kami langsung melalui WhatsApp di +62 813 7070 8828 atau email ke customercare@gramedia.id. Kami siap membantu!",2025-07-21 01:54:48,
d4f843b2-5325-4d92-8576-f96a773ae55d,Fadlan lesmana,https://play-lh.googleusercontent.com/a-/ALV-UjXmbkbyYP1_SxHJWhuGED0lmRtrQOX01N4QckqlmKnwu0GB7fU,tolong perbanyak lagi buku yang formatnya epub agar lebih enak saat dibaca,5,0,,2025-07-18 09:58:35,"Hi Kak Fadlan, terima kasih atas ulasan dan masukannya! Kami senang sekali Anda menikmati aplikasi kami.",2025-07-21 01:54:04,
42cf3d8f-f13b-43e2-b152-820598a956c9,Tomo Lavin,https://play-lh.googleusercontent.com/a-/ALV-UjVLfaXaaQVDAXzB1rqvAGPlF0GZ7W6XkgDHfB4GB7KbqAw5JALN,Sangat buruk dimana fitur membaca nya tak ada. Misal night mode atau mode animasi membalik halaman. Harga untuk korannya per bulan jadi tak bisa beli satuan atau eceran. Belum lagi metode pembayaran Lewat Playstore yang mestinya mandiri aja lewat shopepay atau dana.,1,0,,2025-07-14 15:26:00,Hi Kak Tomo. Untuk fitur membaca seperti nightmode dan mode animasi membalik halaman hanya tersedia di format EPUB. Untuk koran saat ini hanya tersedia untuk pembelian langganan. Metode pembayaran e-wallet seperti Shopee Pay atau Dana dapat dilakukan lewat Google Play Account. Terima kasih banyak atas saran yang sudah Anda sampaikan.,2025-07-16 08:31:12,
c9c394a0-dedd-4390-89ad-93676890a56d,Muhammad Priyo Utomo,https://play-lh.googleusercontent.com/a-/ALV-UjU6MQWu1_aAOx6JnOKScWrrQZS9BNhJUTdqvnFf7--zDuWZ-CBL,tidak diberi salinan file pdf. hanya gramedia app only,1,2,8.2.3,2025-07-12 09:29:05,"Hi Kak Priyo, sesuai syarat dan ketentuan, Anda diizinkan untuk menggunakan konten hanya di dalam Perangkat Lunak Gramedia Digital. Terimakasih.",2025-07-16 06:35:00,8.2.3
9f96c751-2255-4a78-b8a9-df2505e72257,Arjuna Putra,https://play-lh.googleusercontent.com/a-/ALV-UjXxDAa6Phud1rpR3Jf0e2EF-6lLWT9cZnCsxk9NpE8CcIiK8Lhx,gak bisa login udah coba ganti email samaudah beli kartusim baru tetep g bisa,1,4,8.2.3,2025-07-09 14:19:05,"Hi Kak Arjuna, mohon maaf atas ketidaknyamanannya ya. Untuk membantu kami mengecek dan mengatasi masalah ini lebih lanjut, boleh tolong informasikan email yang terdaftar di akun Kakak? Kakak bisa menghubungi kami langsung melalui WhatsApp di +62 813 7070 8828 atau email ke customercare@gramedia.id. Kami siap membantu!",2025-07-14 03:54:01,8.2.3
cfcbf3ed-529c-417f-a893-7fcf26cf8229,Muhammad Ramli,https://play-lh.googleusercontent.com/a-/ALV-UjV5nyZvd1GsSrxYBfkjW48_ku60j0q_SJZtPxZXHrG5DwUTRnVH,"Bagus untuk membaca buku, koran atau majalah",5,0,6.4.6,2025-07-08 14:53:14,"Hi Kak Ramli, terima kasih atas ulasan dan masukan positifnya! Kami senang sekali Anda menikmati aplikasi kami.",2025-07-14 03:57:20,6.4.6
2b7d7a3a-9bb4-473a-b8c7-e8cd76ca382b,Hijry Raka,https://play-lh.googleusercontent.com/a-/ALV-UjXwkNmc_vMS3K7eX8JDn9hj4vDczIqWkjDyj6EHeitemLE5b1Re_g,"kalau bisa tambahin fitur buku yang udah kita beli fisiknya, bisa dibaca juga lewat aplikasi ini",5,40,8.2.3,2025-07-07 15:09:17,"Hi Kak Hijry Raka, terima kasih banyak atas saran dan masukan berharga yang sudah Anda sampaikan! Kami sangat menghargai setiap detail yang diberikan. Saat ini Gramedia Digital hanya menyediakan buku, koran dan majalah digital.",2025-07-14 03:56:38,8.2.3
6589bc9d-02b9-4c93-974c-a1367b7d3779,Adib Sayuti,https://play-lh.googleusercontent.com/a-/ALV-UjXKy8VdrcdyfO7Z7u9V9xuX-kIyq5dS-pCWxB-DzLyeeZhcslDK,"aplikasi sampah, gak bisa masuk. keterangan belm verifikasi email. email masuk buat verifikasi aja gak ada kok.",1,5,8.2.3,2025-07-06 16:15:07,"Hi Kak, mohon maaf atas ketidaknyamanannya ya. Untuk membantu kami mengecek dan mengatasi masalah ini lebih lanjut, boleh tolong informasikan email yang terdaftar di akun Kakak? Kakak bisa menghubungi kami langsung melalui WhatsApp di +62 813 7070 8828 atau email ke customercare@gramedia.id. Kami siap membantu!",2025-07-07 04:16:13,8.2.3
c6aa3434-0f5b-46f6-8631-f4a9161d46c4,nina rahmawati,https://play-lh.googleusercontent.com/a/ACg8ocJnjTypaqsOZ94aw1gjHaWmFPxS3Uletw0TWbgynjKGx7zwXQ=mo,"sy ngak bs masuk ke aplikasi gramedia, sdh berulangkali masuk melalui lupa password, sdh sy tekan reset password, tp tetap tidak masuk ke akun saya",1,0,,2025-07-06 04:29:19,"Hi Kak, mohon maaf atas ketidaknyamanannya ya. Untuk membantu kami mengecek dan mengatasi masalah ini lebih lanjut, boleh tolong informasikan email yang terdaftar di akun Kakak?

Kakak bisa menghubungi kami langsung melalui WhatsApp di +62 813 7070 8828 atau email ke customercare@gramedia.id. Kami siap membantu!",2025-07-07 04:13:12,
b2fade1a-374d-4632-b4f4-effd2d0597fa,Syifa Abdya,https://play-lh.googleusercontent.com/a/ACg8ocIG4AlhMBvHVpSnirB8pfvbiUrt9yMyM2u9dmkP8DMxdSOlkA=mo,"Buat aku ini sudah oke. Banyak buku yang bisa dibaca saat beli paket fiction, tapi banyak juga yang nggak bisa dibaca. Tapi enak-enak aja, unduh bukunya cepet (tergantung sinyal), ada perpus pribadi juga. Kekurangannya hanya ada di 1) Gak bisa highlight di beberapa buku 2) buku yang kita unduh ga bisa langsung masuk ke perpus, dan ini jadi ribet, harus dibuka 2-10 halaman, nanti bukunya masuk koleksi, dari koleksi baru bisa ditambahin ke perpus. Overall bagus, tapi tolong keluhan didengerin yaw",4,33,8.2.2,2025-07-01 23:20:41,"Hi Kak, terima kasih atas ulasan dan masukannya! Saat ini highlight memang hanya tersedia untuk buku format EPUB. Kami mencatat masukan Kakak mengenai proses ini yang dirasa kurang praktis. Tim kami akan melakukan evaluasi. Kami berkomitmen penuh untuk terus meningkatkan aplikasi ini demi kenyamanan membaca.",2025-07-02 03:02:41,8.2.2
301e15f2-47ec-445e-b89d-539aeca37545,Imron Budianto,https://play-lh.googleusercontent.com/a-/ALV-UjVgx7uWW830qRy5h-D59CAikO7UVegDVXdMPq9sQL0QUOoImKom,"terimakasih gramedia, di aplikasi ini saya sudah membeli buku PSIKOLOGI ISLAM",5,0,8.2.2,2025-06-26 05:06:09,"Hi Kak, terima kasih atas perhatian dan waktu Anda untuk memberikan ulasan! Kami sangat senang bisa menjadi bagian dari pengalaman membaca.",2025-07-02 03:03:30,8.2.2
44579fd0-245d-4096-9b2e-0c17bacf6d9d,Abdal yaqut Arrizqi,https://play-lh.googleusercontent.com/a-/ALV-UjUUPbmvknY4ENm6QpA5WCPmDfssl8CCaMqyUFMsLwcM3NihC8Nj,eror gabisa dimasukkan email nya padahal akun sy ada tapi nggak bisa didaftarkan ah kocak,2,0,8.2.2,2025-06-24 13:59:59,"Halo Kak, mohon maaf atas ketidaknyamanannya. Untuk membantu kami mengecek lebih lanjut, boleh tolong infokan email yang terdaftar di akun Kakak? Kakak bisa menghubungi tim Customer Care kami langsung melalui email ke customercare@gramedia.id. Terimakasih.",2025-07-02 04:04:50,8.2.2
3357bef0-9b63-4235-9abb-05bd5994643c,Adiriono ADIRIONO,https://play-lh.googleusercontent.com/a-/ALV-UjXHH-m4No3OuUgEiEu0MgPsKZunSVwbTit5rF11sYN8z-e5CgoLRQ,hebaaatttt,5,0,,2025-06-19 03:38:48,"Hi Kak, terima kasih atas ulasan dan masukannya! Kami senang Anda menikmati aplikasi kami.",2025-07-02 04:05:31,
5bbb6307-e8ee-406a-8f3a-4042735c93a4,imam fauzi,https://play-lh.googleusercontent.com/a-/ALV-UjWJDkLFGjn7N3uPcr-h3BeUpi7OvDrtKO6_qNwH_p4UGILuPAIp,tanggal 1 juni saya telah membeli fiction premium package seharga 49k tapi sampai sekarang tanggal 4 juni paket tidak aktif. mencoba konsultasi lewat CS aplikasi pun tidak ada respon. mohon segera atasi nanti saya ubah ratingnya ke 5,5,10,8.2.1,2025-06-12 22:57:38,,,8.2.1
69844a36-cd19-404e-af8a-bd7f005832fd,Nazala Habibah Fathyadin,https://play-lh.googleusercontent.com/a-/ALV-UjU_jj79aXrSPhECyNQk_FUwDW3WWIy6zZsyOFY_aHET-XkV42FQdw,"saya beli paket fiksi saat diskon jadi 39rb. tapi belum satupun buku yg saya tamatkan dari sini. kenapa? karena 'feel' membacanya kurang nyaman. saya membaca lewat gawai yg membuat ukuran fontnya jadi kecil. harusnya bisa discroll saja, tak perlu diswipe. lalu ukuran font bisa dibesarkan sedikit. overall, menurutku lebih nyaman baca di ipusnas.",5,140,8.2.1,2025-06-08 23:02:38,"Hi Kak, terima kasih banyak atas saran dan masukannya yang berharga! Kami sangat menghargai setiap detail yang Anda sampaikan. Tim kami akan melakukan evaluasi. Kami selalu berusaha memberikan pengalaman membaca terbaik untuk pengguna",2025-07-02 04:08:16,8.2.1
a75661c0-51e2-4d1d-ad2c-ad0b678cc9b5,Nadia Norfayanti,https://play-lh.googleusercontent.com/a-/ALV-UjWUXiLOtwj_DRksjHEmWhTTId9UJnRK9smBkeWNAvzc2RX91Ms,"Menurut saya yang jadi masalah hanyalah aplikasi ini seperti kurang diperhatikan. Kadang tiba-tiba log out dari akun, atau kadang perpustakaan saya tiba-tiba bersih dan saya harus mendownload ulang buku-bukunya. Bahkan novel yg saya beli satuan pun kadang menghilang dan saya harus mendownload ulang lagi satu persatu. Kadang agak mengesalkan, karena saya mendownload untuk dibaca saat saya perlu bacaan offline. Selain itu, tolong diperbanyak rekomendasi buku fiksi di halaman utama.",3,0,,2025-06-06 23:02:24,"Halo Kak, mohon maaf atas ketidaknyamanannya. Kami sangat menghargai setiap detail yang Anda sampaikan. Tim kami akan melakukan evaluasi untuk inputnya. Jika ada kendala lebih lanjut, Kakak bisa menghubungi tim Customer Care kami langsung melalui email ke customercare@gramedia.id. Terimakasih.",2025-07-02 04:37:48,
e196cb99-e96d-435c-8d53-7d515b4aefd8,Nur Ichsan,https://play-lh.googleusercontent.com/a/ACg8ocKVQPCNoWK1ffk4PxkOFlK0whDy-HXfI7useOd8q9BA-w17Zg=mo,tidak ada fitur stabilo/ higlight,1,1,8.2.1,2025-06-06 04:27:20,Hi Kak. Saat ini highlight memang hanya tersedia untuk buku format EPUB. Kami berkomitmen penuh untuk terus meningkatkan aplikasi ini demi kenyamanan membaca.,2025-07-02 04:21:21,8.2.1
9c744a72-934a-4e50-bec6-aef398cd750e,Dian Permata,https://play-lh.googleusercontent.com/a-/ALV-UjW2C407qe44qQ3t_89kiD_zJ-Y3MeGEBkjEBJF_5RrY9VUPHAEd,Kenapa semua ebook yg udah didownload gak ke save di perpustakaan ya?,3,2,8.2.0,2025-05-29 11:35:38,"Mohon maaf atas ketidaknyamanan yang dialami, untuk kendala Bapak/Ibu bisa hubungi kami melalui email customercare@gramedia.id atau Whats App di nomor 0811-8280-196. Agar kami bantu kendala nya lebih lanjut",2025-05-30 10:44:12,8.2.0
22c84ca8-22ef-44b6-9fa9-225a782a8a26,Bira Birara,https://play-lh.googleusercontent.com/a/ACg8ocJ75jrppDaQYhkanWGetWFUriUkSR4D4LIKd0mqoxprFMge=mo,kurang update. buku yg aku cari semuanya gak ada,3,0,8.2.0,2025-05-26 16:00:15,"Hi Kak, terima kasih banyak atas saran dan masukannya. Kakak bisa menggunakan fitur Pengajuan Konten untuk mengajukan buku yang Kakak mau. Kami sangat menghargai setiap detail yang Anda sampaikan.",2025-07-02 04:39:17,8.2.0
bfce4c7b-7cbb-4d62-a456-e5fbaea9072b,Joha Koi,https://play-lh.googleusercontent.com/a/ACg8ocJ-SX0ZdrBMfWQLlcbwR7H8tsfPxG3CmFkthR4aOoZEqe6vpQ=mo,"tolonglah, kalau udah langganan premiumnya itu bisa baca buku yang lebih banyak, banyak buku yang kucari ternyata harus beli satuan, terus ngapain dah kalau ujungnya banyak yang harus beli satuan. dah gitu harga bulanan kaya beli paket kuota Telkomsel lagi",2,5,,2025-05-25 04:09:13,,,
9334bf5e-8b51-4eb3-b84f-48f751ca2122,seto tjahjono,https://play-lh.googleusercontent.com/a-/ALV-UjWWBmn9_fY7sA1chEyOTL72Vf8vCzTY7sLRIZowombEcsrP3lpr,bagus,5,0,8.1.6,2025-05-20 02:35:29,,,8.1.6
ba0e6cee-cc87-47fd-8ecc-fe7680209751,Effendri Rais,https://play-lh.googleusercontent.com/a-/ALV-UjVL_vCDGjPRzxpOctdH8iIhSxC9NJZ80v5uWPlGx_8dbOzi0R75SQ,ok,5,0,7.0.8,2025-05-14 14:52:10,,,7.0.8
94d31334-e519-43a0-8462-1167ac584b09,Yannief Asfian,https://play-lh.googleusercontent.com/a-/ALV-UjX0eggbCC1IazX8yChNWWGtTuFE-cjrmS7RNT5q7TtvSIVT_R5Q,halo ... saya susah masuk ke akun saya lagi padahal sudab reset pasword,3,2,8.1.6,2025-05-05 03:14:08,"Halo, Kak. Untuk membantu kami mengecek lebih lanjut, boleh tolong infokan email yang terdaftar di akun Kakak? Kakak bisa menghubungi tim Customer Care kami langsung melalui email ke customercare@gramedia.id.",2025-07-02 06:00:08,8.1.6
f079f9e0-26d8-41b4-9ff6-af2b9b9899e3,Mispan Suriname,https://play-lh.googleusercontent.com/a-/ALV-UjUTWvGu0P5jgLE_ZS0goxNSRuV1Uzl5p3fCrh69NIAfK6SRdejL,saya mencoba mendaftar mengunakan email tapi kenapa nga bisa katanya disuruh verifikasi email.oke udh berhasil terverifikasi tapi kenapa ngga bisa masuk juga padahal sinyal oke dan selalu error bikin kesal perbaiki atau tidak sama sekali tergantung pada kemauan anda,1,15,8.1.6,2025-05-02 03:34:14,"Halo, Kak. Mohon maaf atas ketidaknyamanannya. Untuk membantu kami mengecek lebih lanjut, boleh tolong infokan email yang terdaftar di akun Kakak? Kakak bisa menghubungi tim Customer Care kami langsung melalui email ke customercare@gramedia.id.",2025-07-02 06:00:41,8.1.6
71bee6ef-57a1-4723-80f8-260320bede30,Aryabintang57,https://play-lh.googleusercontent.com/a-/ALV-UjVKEJ78OapOWUIUn_z4LuTa1qC1GFZV9ox4eTakHplepoi5T9xS,tambahin pencarian dong buat yg udah beli premium atau gak tambahin fitur filter biar gak usah scroll trs sampe bawah. mau istirahat dulu sebentar eh pas balik mau baca lagi masa iyah harus scroll trs,5,4,8.1.6,2025-05-01 10:16:46,"Hi Kak, terima kasih banyak atas saran dan masukannya yang berharga! Tim kami akan melakukan evaluasi terkait inputnya. Kami sangat menghargai setiap detail yang Anda sampaikan.",2025-07-02 06:01:17,8.1.6
f2ec6174-c58e-4356-b825-b5551d609e34,Qonitah Alawiyah,https://play-lh.googleusercontent.com/a-/ALV-UjU68TZirTSszTDbi-Li8v_22DaZT6W-FBK0VU6wl33mFJooqrMb,kenapa belum ada novel tere liye lengkap?,4,0,8.1.6,2025-04-30 15:22:30,,,8.1.6
9ee2df71-0ac8-46cb-a22d-1d23a3df2c6e,Leonart Maruli,https://play-lh.googleusercontent.com/a-/ALV-UjVPdhCHeBdAIkqx-LUj7OVENjyBUL1PFVkWkWwPhiKZTYe4DEez,"min, tolong bantu ya. saya sudah beli paket buku bulanan tapi terkendala karena bukunya tidak bisa diunduh. padahal jaringan internet saya stabil. kalau sudah di troubleshooting nanti akan saya naikkan ratingnya. terima kasih. note, April 2025, sudah kembali normal.",5,68,8.1.6,2025-04-29 12:37:00,,,8.1.6
a270ef9e-5d6e-44ab-bb9a-2453eeaa4562,novapardede Nova,https://play-lh.googleusercontent.com/a/ACg8ocIjpxz4bsm1kseK7zohZsHCw_zE8zMqTDk1-NsPSlCzCCCoyg=mo,aplikasinya sangat bagus👍👍👍,5,0,8.1.6,2025-04-25 08:17:57,"Hi Kak, terima kasih atas ulasan dan masukannya! Kami senang Anda menikmati aplikasi kami.",2025-07-02 06:05:26,8.1.6
a5946166-4bd2-4f74-a127-db4e9673a45e,Ayu Widiani,https://play-lh.googleusercontent.com/a/ACg8ocJbQKMuXivekMz6RdBRgzJkK9GaNG5mfwC9DQDQrLI6TxcVGA=mo,smoga makin.banyak ebook yg update lagi,5,0,8.1.6,2025-04-20 21:24:16,"Hi Kak, terima kasih atas ulasan dan masukan positifnya! Kami senang sekali Anda menikmati aplikasi kami.",2025-07-02 06:47:32,8.1.6
1ee9a389-3714-423d-a694-fec9358069a9,Rambung Kkn,https://play-lh.googleusercontent.com/a-/ALV-UjWVHjNpI7VECBm-Y-Lo0rvcS1E7aMVxhP0jDGmlBhrq1HzgOXn5,"saya baru update aplikasi dan semua bacaan yang pernah sy download hilang gak bersisa padahal ada ratusan ebook, sangat kecewa!",1,3,8.1.6,2025-04-19 13:59:59,,,8.1.6
8932ce21-3a4c-49c3-83da-0dd32c501560,every science,https://play-lh.googleusercontent.com/a-/ALV-UjVH6OtB6y1ZVyrCGqIVIv7TTSVbN_1uS_HY20xyxQa40dAifsw,lohh setelah diupdate koleksi yg sudah saya unduh kok hilang semua??,1,2,8.1.6,2025-04-18 17:52:08,,,8.1.6
410c76a4-85ae-456a-8e3d-284fdde89f22,Ayu Pertiwi,https://play-lh.googleusercontent.com/a-/ALV-UjWvltnlF-M-kERZOncY9LtA69GimaGuG4zM9rShGrPFFweN4nkZgg,Senang sekali bisa baca banyak buku dalam satu aplikasi.,5,3,8.1.5,2025-04-11 12:26:58,"Hi Kak, terima kasih atas ulasan dan masukan positifnya! Kami senang sekali Anda menikmati aplikasi kami.",2025-07-02 06:48:52,8.1.5
87f2e6e1-450d-4869-b969-fc1e592af245,Ridwan,https://play-lh.googleusercontent.com/a-/ALV-UjXs_d-ALcOdF21SVbwmTOyA1f5aRDYIlSaGGCPIjcSkveSeO9ZKkw,"gimana indonesia jadi negara maju ,orang yg minat baca juga harus bayar dulu buat baca bukunya,udahmah literasi rendah dipersulit Juga",1,0,,2025-04-10 11:49:25,Ada yg bisa dibantu kak? Lagi cari buku apa?,2025-04-11 13:15:02,
3ae3601a-79b4-45ba-ace3-c0b06fc7c481,Supriyadi Supriyadi,https://play-lh.googleusercontent.com/a-/ALV-UjWO2Rz86Ku0Qf9HVfQivD1VtifgwR1H6w9JdI0I1mjWrgbHmek6,"Tidak puas sama sekali, parah. Sulit sekali akses nya padahal baru mulai beli 3 buku sudah mengalami kesulitan akses. Dan akhir nya buang2 duit saja ini. Akses parah, buang2 duit dan waktu saja. Padahal baru coba mulai beli 3 buku. Sudah kapok.",1,15,8.1.5,2025-04-02 22:34:08,"Mohon maaf atas ketidaknyamanan yang dialami, untuk kendala Bapak/Ibu bisa hubungi kami melalui email customercare@gramedia.id. Agar kami bantu kendala nya lebih lanjut.",2025-04-14 12:56:19,8.1.5
76ed4e46-3477-49b8-9fc4-ce588bbb2747,Nona Felicia,https://play-lh.googleusercontent.com/a-/ALV-UjXJp6aLC4NDQ_Ac4bjLgtxwAJ2Fzsqdguz3KROMGv3qb_QyCGac,enak kagumi saya,5,0,8.1.5,2025-03-30 04:01:12,,,8.1.5
e65b1d1f-ab77-4840-b309-b32b1efbf78e,Welmus Welmus,https://play-lh.googleusercontent.com/a/ACg8ocKF1L9LycyF5NHQix_iAxLqxowb_bKtgONDLGKhhEIHtzwO6w=mo,ok,5,0,8.1.5,2025-03-28 15:30:15,,,8.1.5
07325806-d340-40bc-bef5-71fef0c4170a,asep Asep,https://play-lh.googleusercontent.com/a/ACg8ocIOp9RQ0eLZT_vt8KeZWlh6UEwWP35nrbrYuY4gXdsuh57Eaw=mo,sangat bagus untuk membaca jadi lebih mudah dan praktis,5,5,8.1.5,2025-03-28 05:39:47,,,8.1.5
ef1169fd-65d3-4dcb-982e-4f6ff74fe460,yuristyawan pambudi wicaksana,https://play-lh.googleusercontent.com/a/ACg8ocKrVCI6Q-GzNKEzmEpWFzpFTKnq3K1Qv6uSiikxoYzQEo6v=mo,"saya pakai paket setahun, tapi tunggu promo dari gramedia di akhir tahun bisa dapat harga 700 an ... semoga ada terus promonya",5,18,8.1.5,2025-03-25 02:05:08,,,8.1.5
99416b9f-a2cc-4268-a413-0aa73ebe6530,Hendra Ghalang Irawan,https://play-lh.googleusercontent.com/a-/ALV-UjV4vrik4oDpW0fItx9tbH3Xlj9aVJdmMg7EUESDqDJkJRqLMlEprw,mantap,5,0,8.1.5,2025-03-23 23:23:11,,,8.1.5
dc0ebcdb-d651-41c8-9829-04ec332fb3d5,himma muhammad,https://play-lh.googleusercontent.com/a-/ALV-UjVYWzdGzoPosWWClU0UZ7SVYA9KdficR9vGEwy9r45MxmtfwnLd,"akun gak bisa masuk, trus minta diverifikasi tp gak ada notif di gmail, tanya CS tp no respon, padahal dulu sdh beli banyak buku",1,5,8.1.3,2025-03-22 13:52:41,"Mohon maaf atas ketidaknyamanan yang dialami, untuk kendala Bapak/Ibu bisa hubungi kami melalui email customercare@gramedia.id. Agar kami bantu kendala nya lebih lanjut.",2025-03-27 02:44:37,8.1.3
82779751-b650-4a50-bba7-f473094d2f17,frans Qino,https://play-lh.googleusercontent.com/a-/ALV-UjWnRBZUvRoU9hG9PSXIxVMif0_ilSO3VhpF3MVaLGG0SOr7tx-U,enak baca bukunya,1,0,8.1.3,2025-03-20 11:30:08,,,8.1.3
2d135aa1-f536-4df7-b30b-d2907a07bf20,Erni Prasetiyani,https://play-lh.googleusercontent.com/a-/ALV-UjWOODiDNBOGcpHmmNsNlnx0oMys75vK4TLDyd0SjfnxPpND4n_S,kurang memuaskan Krn hak pembeli dibatasi sehingga TDK bisa mencerdaskan bangsa yg sejatinya ketika sudah membeli buku adalah milik konsumen sepenuhnya TDK perlu hrs baca lewat media anda...kapok saya beli online,1,0,,2025-03-17 03:42:06,,,
6944c1c7-e62f-492f-970a-f55ec363495f,sugiyanto 74,https://play-lh.googleusercontent.com/a/ACg8ocIblq3wnLagxrJ6UEOSE2nhi5aIXWr4Apo5Cxkl8Z4ToMYA6A=mo,easily read ..without must visit at the store,5,0,8.1.3,2025-03-16 12:01:11,,,8.1.3
12346f6c-00c1-4bbf-8e6d-5747e484092d,Lusi Nurul,https://play-lh.googleusercontent.com/a/ACg8ocJmTHsk4RgVZt08BoJHZQKx0_0VVsCvFp-LULObWna-ei3Axg=mo,aplikasi yang sangat membantu untuk menemukan buku kesukaan Trims,5,0,8.1.3,2025-03-15 22:00:37,,,8.1.3
e0b92f04-7f03-48f3-ad7a-988cd7465d03,arsil firdaus,https://play-lh.googleusercontent.com/a/ACg8ocJdPubF0mdtIpIAbGbN55PtPk7Lo_tvCoCRmNMJ1Uv58J1F9Q=mo,good,5,0,8.1.3,2025-03-14 07:57:23,,,8.1.3
36b5d2e0-6b51-4d0a-b7bb-bfe5545bbdc0,kitsune,https://play-lh.googleusercontent.com/a/ACg8ocL7IdiAcClpqCgAbNPtW7mXThfZo-CkueNgCZs7xng-7gCcig=mo,"sering logout otomatis, risih banget apalagi kalo lagi asik2nya baca",2,2,8.1.3,2025-03-09 14:58:01,"Mohon maaf atas ketidaknyamanan yang dialami, untuk kendala Bapak/Ibu bisa hubungi kami melalui email customercare@gramedia.id agar kami bantu tindaklanjuti segera.",2025-03-15 07:58:16,8.1.3
29e755f0-38a8-49be-8f17-cd3a51cef461,Nipis Wanimbo,https://play-lh.googleusercontent.com/a/ACg8ocLrhNo0q5vVg0P0kWMiYjoMlIATKS0O5GWUkFsuPXSyh-3noQ=mo,mantap aplikasi,5,1,,2025-03-06 15:03:36,,,
09a9ac6d-8c0b-4f97-a5d5-8ec74477fd8f,Megi Risti,https://play-lh.googleusercontent.com/a/ACg8ocJhay2YQXBJqEjPYML-MFn6mtGyo7ScRvYtbMnsPlgnAquMpg=mo,sangat bagus,5,0,8.1.3,2025-03-04 08:08:38,,,8.1.3
f9a68aff-2f51-46ac-b7a7-0895afc2a07a,Irfan. R. Simanullang,https://play-lh.googleusercontent.com/a-/ALV-UjXneOKVjLA4veY0iMJWDXZG4x6BWDJ_5XzThV889AG4a3hKWeZ5Og,ok,5,0,8.1.4,2025-03-03 14:03:47,,,8.1.4
8d7cf9f6-05f5-4a34-ab87-fbc397e2d053,Heng Heng,https://play-lh.googleusercontent.com/a/ACg8ocLfRkIWL1m0KpwKHhVUacZni0pes0jgguvIfIIRBBk6T02iHA=mo,Mohon diperbaiki. Akun sering logout jadi lumayan mengganggu sekali,4,1,8.1.3,2025-02-23 01:28:32,,,8.1.3
05965354-3b30-47ba-b881-63a014900c58,Fardhini Nur Hafidah,https://play-lh.googleusercontent.com/a-/ALV-UjUjQqRdcoMg2wfG2ab6DWgWzfBLtJ2yTDG_yRp-qpUmTm9bCsvY,cuma bisa dipakai dua device dan sering ke log out sendiri,4,1,8.1.3,2025-02-21 13:19:37,,,8.1.3
ef1475a8-4f0a-4092-8d90-ba102e185049,taqwaridlo utama,https://play-lh.googleusercontent.com/a-/ALV-UjXNAQZyhUqHRfHrY59e9gLfw0yROB2X65_X0T6au-Twxw0jR_w,Tambahkan fitur kutipan dan highlight tulisan untuk yg format pdf,4,0,,2025-02-21 09:03:29,,,
ee87df1a-f267-45e3-b501-66d24c7718d6,Indah Ayuningtyas,https://play-lh.googleusercontent.com/a-/ALV-UjXar2s39P2-BUYyfbBvPeRk6nFvEuShXLE_mvY1qX8KwHgWLihZYQ,so insightful and meaningful for me as a college student📝🌷💝,5,0,8.1.3,2025-02-16 22:52:43,,,8.1.3
b6e75811-74fb-4922-8265-a01c5fb21762,Wiji Listiyowati,https://play-lh.googleusercontent.com/a-/ALV-UjVHT2CukBcyT0gVe824RYdyRkl139FD3umx3gc1Ixl65Z40Wz3-xQ,"Ribed, gk bisa baca lewat PC. Harus unduh di hp dl. Padahal di hp tulisannya kecil2, susah bacanya. Nyesel banget udah beli buku disini.",1,1,8.1.2,2025-02-16 08:07:38,"Mohon maaf atas ketidaknyamanan yang dialami, untuk kendala Bapak/Ibu bisa hubungi kami melalui email customercare@gramedia.id. Agar kami bantu untuk kendala nya lebih lanjut.
",2025-02-28 08:04:44,8.1.2
c897871c-069b-4ef5-8f7d-441c3ad88ea7,aditya nugraha,https://play-lh.googleusercontent.com/a-/ALV-UjWZBI5C_mKJGG52hM6fuH4L_ms7gr4gCP8VklDm6d93Btwfp6Q,Tidak ada fitur untuk highlight.,3,1,8.1.3,2025-02-15 13:38:06,"Mohon maaf atas ketidaknyamanan yang dialami,
untuk kendala Bapak/Ibu bisa hubungi kami melalui email customercare@gramedia.id. Agar kami bantu kendala nya lebih lanjut.
",2025-03-01 04:45:54,8.1.3
1f940b60-e44a-4768-9234-17e776b39a6e,Nandi,https://play-lh.googleusercontent.com/a/ACg8ocJhwq-44Va2mz7-6gpOBFnYJAcwduUCnMAu0xf25Mrk_irhfg=mo,"Opsi memory zoom tidak ada ketika mode membaca, sehingg sering setting zoom layar untuk kenyamanan membaca",3,4,8.1.2,2025-02-12 10:47:58,"Mohon maaf atas ketidaknyamanan yang dialami, untuk kendala Bapak/Ibu bisa hubungi kami melalui email customercare@gramedia.id. Agar kami bantu kendala nya lebih lanjut.
",2025-02-28 08:09:00,8.1.2
3f1e4e0f-bca3-4b01-8ace-c41987b09476,andi,https://play-lh.googleusercontent.com/a/ACg8ocJYH0y8j0xx2J7yQdpmdNBZg2L3mtZ_pjFzj-lsx4sYSMuVExw=mo,perlu diviralin sih ada aplikasi ini,5,0,8.1.2,2025-02-11 03:48:51,,,8.1.2
b7a201d0-ce37-4318-a047-7fbd7788957c,operatorsmp almunawwir,https://play-lh.googleusercontent.com/a-/ALV-UjUtL5cEQjtXz-2hW7cVzrU_TyOYIRhK6b52SouXYfbC1j6Mx-GX,Woiiii yang bener ajaaa di aplikasii. Baru langganan kemarin sudah disuruh update aplikasi. Setelah update buku2 yang sudah didownload ilang semuaaaaaaaa. Gilaa masak harus gitu terus. Lebih enak pas sebelum diupdate.,1,1,6.4.5,2025-02-10 14:45:38,"Mohon maaf atas ketidaknyamanan yang dialami,
untuk kendala Bapak/Ibu bisa hubungi kami melalui email customercare@gramedia.id. Agar kami bantu kendala nya lebih lanjut.
",2025-03-01 04:46:12,6.4.5
41893819-9544-481f-b651-1817d0305948,Miracle Sun Shine,https://play-lh.googleusercontent.com/a-/ALV-UjVyT7ye-w0Yor18hVoSE7jvz6xDdKPl6rFRACBnQtlFCS6UD-cm,good,5,0,8.1.2,2025-02-07 05:53:15,,,8.1.2
0db1bc0d-0d57-4148-8a74-5b88bd0c9c41,roman adryan,https://play-lh.googleusercontent.com/a-/ALV-UjW4zRgISDUxzr81bn4xoes1Vrehp1TVbhNJiSBRpq9zP9pgowkQ,terimakasih,5,0,8.1.2,2025-02-06 01:00:18,,,8.1.2
ad3cc074-a996-4f68-967c-0db6ec884485,Riskia Putri P.,https://play-lh.googleusercontent.com/a/ACg8ocLockRcM_uF6Wb2OzbYMNaLi74fFxx9b0cOAHXLNQznlq1--A=mo,Format tampilan kurang nyaman untuk baca di hp atau ereader krn kecil.,3,2,8.1.1,2025-02-01 12:59:42,,,8.1.1
a4391a23-d0c0-42ca-beab-2e32be228baa,Sonic E.X.E,https://play-lh.googleusercontent.com/a-/ALV-UjVFxc3sYbIcS-YdleqoPEF76odG1AKHKF0NGOJNtYhNtkuUYY4,"Hai, itu ada beberapa ebook error. Saat aku mau beli ""janji kematian Lucifer"" situ tertulis (error- buku tidak ditemukan) padahal aku bisa baca preview nya.",5,35,8.1.1,2025-01-31 17:32:52,,,8.1.1
6ff443f0-d42c-4713-bf02-f9def2145aa3,Ibnu Rahman,https://play-lh.googleusercontent.com/a-/ALV-UjXrHPYfC1LPfPlCBYPA3A8yoSewZFAOk3v7BTF-cPyuG_v4804L,bagus,5,0,8.1.1,2025-01-30 16:36:09,,,8.1.1
e3de6854-8d9a-416a-8460-c68695e2e344,Dion Hendri,https://play-lh.googleusercontent.com/a-/ALV-UjXhYwPEy9oC3OSlitv6-3SRFXqfTOMVnxCskxG02YQqw7qyU9sV,Good,5,0,,2025-01-28 12:08:15,,,
c8949d0e-a0b7-49f1-b0e3-180c3ad2daf2,Aidi Isro,https://play-lh.googleusercontent.com/a/ACg8ocKtDvC-dzA7UY60jr1HLCJ23iT6lLm0NypDpehwbT4NDZmRtQ=mo,gremedia semakin berkuwalitas,5,0,8.1.1,2025-01-27 10:14:36,,,8.1.1
2f1f0c10-e3ec-426d-a796-0ad1758e3b8b,Tri Rahmat,https://play-lh.googleusercontent.com/a/ACg8ocI2duHLbbsnmxkMXSy81tV2AXONsTfiG-UFgA7ExSi1yu1RB-Q=mo,Di 2025 ini tolong ditambahkan fitur untuk menandai teks (kayak stabilo atau garis bawah). Sayang sekali baca buku tapi ngga bisa tandai teks bacaan yang penting. Semoga inovasinua seperti google playbook,5,1,,2025-01-26 13:58:59,,,
b951b482-3060-4cf4-9c3d-dc397802c9fc,Nahar Rasjidi,https://play-lh.googleusercontent.com/a/ACg8ocKuMseZGH6vYWSbYftuyqUbr7Pknx-GjxaaR6dvBt_nIDPadA=mo,Alhamdulillah bisa baca majalah bobo,5,2,8.1.1,2025-01-24 15:53:08,,,8.1.1
80a0dad0-3b2c-41c0-ba3b-b53234400513,ANDESTA MANDIRI INDONESIA GROUP,https://play-lh.googleusercontent.com/a-/ALV-UjWNCwA75E9AOJ8nmtkuPXQwU3mSCQ6QFhluYtPdnNzdF46aJfLJ,🤩🤩🤩🤩,4,1,,2025-01-22 10:52:05,,,
035dc055-4f21-41c2-801e-4a7744cd69e3,Maulana Abdul Aziz,https://play-lh.googleusercontent.com/a-/ALV-UjWNXBzFL2AcqLQbpsl0htmzayTBBYPRsUg2QM4NxINqGD6TixOa,"Aplikasinya bagus tapi kok gak ada mode gelap ya. Sayang banget, gak kaya Google Play Book.",3,0,8.1.1,2025-01-21 05:31:51,,,8.1.1
9ac49d05-724d-4c1e-939c-1a0e99618bca,Prihasrana Agustian,https://play-lh.googleusercontent.com/a-/ALV-UjX2XGHhp4TmQCWdH2XAh3Opr-IETKyUcsByg_J5c9d_HtTlQTwE,baikkkkkk dulu,5,0,,2025-01-19 16:09:58,,,
bca924f3-e119-4528-a6f9-f7dfd98722c4,Ruth Larashati,https://play-lh.googleusercontent.com/a-/ALV-UjVOVHHm_TyU-mo9jTsJfogzLGpg7vD7fHohItXfNwHifu_Vn29e,Bagus,5,0,8.1.0,2025-01-16 21:17:21,,,8.1.0
6a5e409e-b95b-4b0a-bcd3-882c74629e68,Indah Ayuningtyas,https://play-lh.googleusercontent.com/a-/ALV-UjXar2s39P2-BUYyfbBvPeRk6nFvEuShXLE_mvY1qX8KwHgWLihZYQ,fleksibel dan worth it buat kantong mahasiswa 🫰🏻🥰 selalu repurchase,5,8,8.1.0,2025-01-16 12:09:19,,,8.1.0
faf13397-1058-4487-997a-c8853edfd625,Zahratul Asqiara,https://play-lh.googleusercontent.com/a/ACg8ocJZjmg2Vq9FCrPMLnHU67CTUTRWxSCUb-1ajlD_yaZRS0YDQg=mo,bukunya kurang lengkap,2,0,8.1.0,2025-01-16 09:13:27,"Mohon maaf atas ketidaknyamanan yang dialami,
untuk kendala Bapak/Ibu bisa hubungi kami melalui email customercare@gramedia.id. Agar kami bantu kendala nya lebih lanjut.
",2025-03-01 04:55:06,8.1.0
bb1dece0-296a-41e8-9660-5b02540cb41b,Amran Muhammadiah,https://play-lh.googleusercontent.com/a-/ALV-UjVrB3NaMeNA0X0oe8T71bX6W_lhXc9hf5ptFX1q_p-V6JrbH571,"aplikasinya bagus, bisa bacs dimana saja, sistem langganannya memudahkan, tinggal koleksi buku terbaru yang harus ditambah ...",5,12,8.1.1,2025-01-16 07:46:34,,,8.1.1
aa208f25-355c-4d34-81ba-84720af77d62,desi,https://play-lh.googleusercontent.com/a/ACg8ocIc7knMmtvcKNCrUG7aFEmzXazVmLegA0rnGYyfNHlPVh19WQ=mo,sangat memudahkan untuk bisa membaca dimana saja,5,2,8.1.1,2025-01-16 03:47:05,,,8.1.1
be924ed4-7f50-467d-818b-0b1390627343,Kartika Dewi,https://play-lh.googleusercontent.com/a-/ALV-UjURd7Of9m4On4LrkW-vrGVB1yxClmyFzIwpYiwOAJL3Bc-uNxlw,"Beli Fiction Premium Package tapi tidak semua buku genre fiksi bisa diunduh, tetap harus beli satuan. Dulu semua bisa diakses, sekarang serba dibatasi. Tolong diperbaiki",1,30,8.1.0,2025-01-14 11:05:22,"Mohon maaf atas ketidaknyamanan yang dialami,
untuk kendala Bapak/Ibu bisa hubungi kami melalui email customercare@gramedia.id. Agar kami bantu kendala nya lebih lanjut.
",2025-03-01 04:55:24,8.1.0
5120993d-7b5a-40bc-ac01-724d9cf29c6f,Alkhanza Fadillah ilmi,https://play-lh.googleusercontent.com/a/ACg8ocLnnuaW8kGwF7JBHbkqdU2lxmnlb17DS-zCtoeoGcgGAe_rlg=mo,"Tolong aplikasinya lebih dikembangkan, karena ketika saya mencari beberapa buku dan novel tidak ada. Sudah pakai beberapa kata kunci tetap saja tidak ada. Lebih dikembangkan lagi ya aplikasinya.",1,9,8.1.0,2025-01-13 12:44:11,"Mohon maaf atas ketidaknyamanan yang dialami,
untuk kendala Bapak/Ibu bisa hubungi kami melalui email customercare@gramedia.id. Agar kami bantu kendala nya lebih lanjut.
",2025-03-01 04:55:28,8.1.0
ab79c237-e1c7-4dc1-a439-00c2df258a3a,Kanda Dinda,https://play-lh.googleusercontent.com/a-/ALV-UjWxsYWIMyNRbSkziqsjQTe4sPe8K16AtXEXF214HUin2df3fVff,Gagal terus padahal udah berulang kali ganti passwd.,1,1,8.1.0,2025-01-12 11:16:36,"Mohon maaf atas ketidaknyamanan yang dialami,
untuk kendala Bapak/Ibu bisa hubungi kami melalui email customercare@gramedia.id. Agar kami bantu kendala nya lebih lanjut.
",2025-03-01 04:55:33,8.1.0
d7f01d8d-5b38-464b-8908-47a0851e470a,Agus Tri S,https://play-lh.googleusercontent.com/a-/ALV-UjWneRjoTCvir_o9j4_GnEcuHo5Ne0PD5IiunTNBb-xpg6KEU9o,Mungkin lebih baik untuk diberikan jilid sebagai penanda halaman terakhir yang dibaca,3,2,8.1.0,2025-01-09 03:01:26,"Mohon maaf atas ketidaknyamanan yang dialami,
untuk kendala Bapak/Ibu bisa hubungi kami melalui email customercare@gramedia.id. Agar kami bantu kendala nya lebih lanjut.
",2025-03-01 04:55:52,8.1.0
2677cdc8-d68d-44fb-b3eb-71d3eb5c421f,Brawijaya Maulana,https://play-lh.googleusercontent.com/a-/ALV-UjUKeaaoyXYZdFGNoxesBLPDjJgoBtIWKoJ-9wGyjllRX8Kj3XMS,"Mau baca buku berbayar, harus bgt install aplikasinya... dan gak bisa melalui web nya...hoaaaammmm... Ketinggalan Zaman, kolab dong sama google...haduhhh",1,3,8.1.0,2025-01-04 11:10:23,"Mohon maaf atas ketidaknyamanan yang dialami,
untuk kendala Bapak/Ibu bisa hubungi kami melalui email customercare@gramedia.id. Agar kami bantu kendala nya lebih lanjut.
",2025-03-01 04:55:57,8.1.0
71ee0e11-9242-4bc4-b84e-f842a467dcc9,Mulyono Psm,https://play-lh.googleusercontent.com/a-/ALV-UjUtGaSZU4XaM-Ry49ppdYBD-bLNMBXfWaw1wce95OLcPHuSKiQY,Aplikasi sampah..... Gak bermutu.... Sangat merugikan...... Perbodohan hakiki yang menunjang ketololan warga DAN MEMPERKAYA PARA ORANG KAYA YANG SUDAH TERLANJUR KAYA,1,0,8.1.0,2025-01-01 05:44:08,"Mohon maaf atas ketidaknyamanan yang dialami,
untuk kendala Bapak/Ibu bisa hubungi kami melalui email customercare@gramedia.id. Agar kami bantu kendala nya lebih lanjut.
",2025-03-01 04:56:13,8.1.0
bc072387-c212-404d-9e57-b354e605a837,Vannesa Amalina,https://play-lh.googleusercontent.com/a/ACg8ocLJ42pM_vd4eopwQNZAkEgOfQkM-298SFogISYIElRVRq-qRg=mo,"Aplikasi apaan begini. Sangat tidak recommended dan berbahaya. Masa abis download ini. Baru dibuka sekali hp langsung ngelag, nge freeze, sampe restart ulang dengan sendirinya. Ngeri banget. Kalo ada bintang minus mah ini gue kasih juga kale.",1,4,,2024-12-25 06:14:10,"Mohon maaf atas ketidaknyamanan yang dialami,
untuk kendala Bapak/Ibu bisa hubungi kami melalui email customercare@gramedia.id. Agar kami bantu kendala nya lebih lanjut.
",2025-03-01 04:56:20,
0d21856a-0bb3-486a-8f56-2ca7deb656c6,Aku jawa,https://play-lh.googleusercontent.com/a/ACg8ocKB9XJu6BpDxDvGkEwMnJVsduu9Q12ygsU_y6eiXap4d2hTsA=mo,"Apaan abis register pw dah gua input email,pasword Bener semua, eh pas login kagak bisa karena pasword anda salah padahal dah kumasukin dengan benar fix dong",1,0,,2024-12-25 05:19:42,"Mohon maaf atas ketidaknyamanan yang dialami,
untuk kendala Bapak/Ibu bisa hubungi kami melalui email customercare@gramedia.id. Agar kami bantu kendala nya lebih lanjut.
",2025-03-01 04:56:25,
b3faf4cd-8950-4ef5-960c-8f09a90d3a38,Fahmi Mushlih Mushlih,https://play-lh.googleusercontent.com/a-/ALV-UjWYycad6PP0rt3PljdCTNrcoSz2DXJXdPcrKjT1x8D4qo2aTrwv,"Not worth it. Saya nyesel beli Full Package Premium untuk satu bulan. 70~80% format buku yang saya temui di gramedia digital ini adalah PDF dan sisanya EPUB (format ebook). Parahnya disini. Mereka nggak mau kita screenshot, membajak, atau melakukan hal-hal lain yang bisa merugikan Gramedia sendiri, tapi mereka tdk memberikan beberapa fitur penting bagi para pembaca seperti Annotation, Highlight, Word Size Adjustment, dll di FORMAT PDF! Kalau mau membatasi, berilah fasilitas. Egois banget dah....",1,0,,2024-12-19 09:50:57,"Mohon maaf atas ketidaknyamanan yang dialami,
untuk kendala Bapak/Ibu bisa hubungi kami melalui email customercare@gramedia.id. Agar kami bantu kendala nya lebih lanjut.
",2025-03-01 04:56:32,
48be2ebd-7dc2-4bbf-b65c-571e5ac5c213,Sekar Diah,https://play-lh.googleusercontent.com/a-/ALV-UjVw1NrmqCiKZMU8LciuJ_77wEOJGRobK2nUBeX2RFRxKR4a_Js6Lg,"Kok gak bisa login, sih?",1,0,8.0.1,2024-12-18 06:13:54,"Mohon maaf atas ketidaknyamanan yang dialami,
untuk kendala Bapak/Ibu bisa hubungi kami melalui email customercare@gramedia.id. Agar kami bantu kendala nya lebih lanjut.
",2025-03-01 04:56:36,8.0.1
97d4e1f2-16e5-4064-8d9f-4f8fc839bc3b,Alif Yanuar R,https://play-lh.googleusercontent.com/a/ACg8ocJRAmP1GJxuxxfrxzcVHG7m3-QZxemtjhvvh-Y2osQ6N_4N_w=mo,"Makin kesini makin jelek, fitur paling standar aja gak jelas, setiap search judul atau nama penulis hasilnya selalu beda",1,4,8.0.1,2024-12-15 14:08:44,"Mohon maaf atas ketidaknyamanan yang dialami,
untuk kendala Bapak/Ibu bisa hubungi kami melalui email customercare@gramedia.id. Agar kami bantu kendala nya lebih lanjut.
",2025-03-01 04:56:41,8.0.1
5c1080f3-a706-4709-83a9-f1096ac894aa,Putri Kurnia,https://play-lh.googleusercontent.com/a/ACg8ocK0m7juHA4CvMiSFbpBjvM9BMEZn5YhdIKwuUT2Cng5U_e06dY=mo,kenapa kalo search judul buku ga muncul ya buku yang dicari? apa harus langganan dulu?,2,0,,2024-12-14 04:16:10,"Mohon maaf atas ketidaknyamanan yang dialami,
untuk kendala Bapak/Ibu bisa hubungi kami melalui email customercare@gramedia.id. Agar kami bantu kendala nya lebih lanjut.
",2025-03-01 04:56:46,
793d9a6f-ffff-41e7-be7a-1dcf7070edf5,Didiet Anindita,https://play-lh.googleusercontent.com/a-/ALV-UjVsPYdPU04w30P7gA88zQll2dFNTktTfdYZZBUnmxGWnKI-KA,tolong dong kalau dipake baca ebook format pdf bisa auto width sesuai lebar device kalau dibaca landscape dan tambahkan filter untuk mencari ebook dengan format EPUB,3,45,8.0.1,2024-12-13 04:56:29,"Hai Kak, mohon maaf atas ketidaknyamanan yang dialami. Untuk kendala yang di alami akan kami sampaikan ke tim Gramedia Digital, namun agar dapat kami bantu pengecekan lebih lanjut dan untuk menjaga privasi pelanggan mohon dapat informasikan detail keluhan dan data lengkap melalui email customercare@gramedia.com / WA Chat 0811-1450-436. Terima kasih",2021-07-09 08:57:47,8.0.1
d38640f2-328b-4caf-a0ac-30347c62f426,Agustinus Mulyono,https://play-lh.googleusercontent.com/a-/ALV-UjU84cn4BHDNn6WAmTPrPtCuGPU2_PmQeW_1GO3gvFnTSVbS7aNj,Terima kasih sudah mantap....,5,0,8.0.1,2024-12-12 09:31:20,,,8.0.1
e9fb12af-89a2-414b-b616-6ed7865f367c,Muhammad Aqly Al-qudsi,https://play-lh.googleusercontent.com/a-/ALV-UjXb1sPh9gjAA2CYvd1RsHuqhxt09az2Ab9gXrbU4hs1uOQhyqZw,"Bagus sih aplikasi nya sangat bermanfaat, tapi coba dibuat versi desktop nya supaya enak bacanya di layar yang lebih besar itu doang si.",3,0,8.0.1,2024-12-10 03:43:43,,,8.0.1
fa611f22-022e-42fc-83c3-c64bb4066059,Dwi Septiyana,https://play-lh.googleusercontent.com/a-/ALV-UjW44k6sfJLL5jYQI38tEn77v9v9xtgf22wjuoSV3UwHlNz5c6dd,Kenapa sekarang untuk pembelian fiction premium only tapi gak semua buku fiction bisa bebas baca ya? Sepertinya dulu masih bisa saya baca tapi sekarang setelah update dan berlangganan lagi ada beberapa buku fiction yang gak bisa saya baca bebas dan harus beli. Apa harus full premium? Tapi saya cuman mau baca fiksi nya aja. Tolong respons ASAP,1,72,8.0.1,2024-12-08 06:46:26,"Hai kak, mohon maaf atas ketidaknyamanannya, terkait feedback yang diberikan akan menjadi masukan kami guna perbaikan pelayanan kami kedepannya. Terima kasih",2022-03-02 10:16:16,8.0.1
ccc6dda3-1b56-4d83-b812-17241ff4fb53,Almursy Almursyi,https://play-lh.googleusercontent.com/a-/ALV-UjXsUmCP__7PUSStpBhN-LwJOA3lRQRRH0M19zRfD-1HPf5fha_Nfw,"Tudak rekomendasi,mending bemi buku online di market place,banyak diskonan.",1,0,8.0.1,2024-11-28 06:19:26,"Mohon maaf atas ketidaknyamanan yang dialami,
untuk kendala Bapak/Ibu bisa hubungi kami melalui email customercare@gramedia.id. Agar kami bantu kendala nya lebih lanjut.
",2025-03-01 05:03:19,8.0.1
c0e9f80d-d1fd-4802-84fe-9d6b0acfa0ac,Nurhayadi Dio,https://play-lh.googleusercontent.com/a-/ALV-UjWX_mOrieQDo8ON49oLDpNdg2tkigbSIS75whlDvwLMJ4NIJgE,sulit dibaca,2,0,8.0.1,2024-11-22 18:59:04,"Mohon maaf atas ketidaknyamanan yang dialami,
untuk kendala Bapak/Ibu bisa hubungi kami melalui email customercare@gramedia.id. Agar kami bantu kendala nya lebih lanjut.
",2025-03-01 05:03:25,8.0.1
a4fb1705-b718-41ae-bc08-eb1f9f2c70e7,Awii _wiii,https://play-lh.googleusercontent.com/a/ACg8ocJeREkaKyoZf9Y_1gh9P8loH9Kwh7i5JFTHCiHJsDn-VRlXhHs=mo,"aplikasinya bagus, ada banyak buku gratis juga, tapi tidak ada filter pencarian untuk mempermudah saat mencari buku yang gratis, tidak ada pengaturan font di setiap buku agar lebih nyaman saat membacanya",4,95,8.0.1,2024-11-20 06:42:27,,,8.0.1
a51740e6-455b-4b68-b0de-5f334666b7b5,Black Salazar,https://play-lh.googleusercontent.com/a-/ALV-UjWAOdVYrvWlVPGNjycwGvI180S8EXEUYE-B9l9IP7RYNBGB1jDh,"Kecewa. Layanan aduan tidak support dengan baik, selalu diminta update dan resiko buku yang dalam unduhan hilang semua. Susahnya mencari buku secara manual karna tiba tiba tidak ada padahal kata kunci yang dimaksud sudah benar. Buang buang waktu karna harus download buku satu satu. Pelayanan customer lama dan sangat tidak membantu. Langganan dari lama tapi ini puncak kesabaran saya terhadap aplikasi ini.",1,7,,2024-11-19 06:43:46,"Mohon maaf atas ketidaknyamanan yang dialami,
untuk kendala Bapak/Ibu bisa hubungi kami melalui email customercare@gramedia.id. Agar kami bantu kendala nya lebih lanjut.
",2025-03-01 05:03:32,
87531959-be40-44e2-8d6c-88667edc7451,M. Abd. Rahim,https://play-lh.googleusercontent.com/a-/ALV-UjUHIYUUcgQystZx3G4mgI0Hwg6yDSuMi8H6zwCFHE3h8QHJVdQt,luar biasa buku-bukunya. terima kasih banyak atas kerjasamanya,5,0,8.0.1,2024-11-12 09:22:21,,,8.0.1
68a94263-8129-4851-8185-78317c72b926,TE_CO tedi compak,https://play-lh.googleusercontent.com/a/ACg8ocI18XbizaVPbS7NJyiOPwslbHseOKCd9GInGDsq_HYGogcKMQ=mo,good,5,0,8.0.1,2024-11-10 12:05:52,,,8.0.1
3b54b8e0-e846-4b4a-b5d4-8051d9f895df,Gus Lepa,https://play-lh.googleusercontent.com/a/ACg8ocJhuFOZcAWpOoK8ibJU2J6E5-4AQ7I6O8KRemG-ytWfwnuTkA=mo,jangan beli d gramedia digital ternyata penipu sy sudah beli koran di sini ternyata tidak ada dikirim file sy merasa dirugikan,1,2,8.0.1,2024-11-08 05:38:08,"Mohon maaf atas ketidaknyamanan yang dialami,
untuk kendala Bapak/Ibu bisa hubungi kami melalui email customercare@gramedia.id. Agar kami bantu kendala nya lebih lanjut.
",2025-03-01 05:04:15,8.0.1
3645e330-fad2-403d-a494-f2707452db06,raden bentar,https://play-lh.googleusercontent.com/a-/ALV-UjUtIdxdJt1hB3czKteeVPZ2WAjaUXic5Vs5JOzVL882HtpFMDo,saya berharap gramedia digital lebih banyak membuka koleksi bacaan yang bervariasi untuk diunduh secara umum.,4,0,8.0.0,2024-11-04 01:39:54,,,8.0.0
f2d9596b-8ae7-4f0a-b993-a5d8d49edd96,Siski Harianti,https://play-lh.googleusercontent.com/a/ACg8ocIUm5H-pYLQXSq6ZGHZgAg9GQu_muSEJuU-RNfBUIfOFOR4DQ=mo,good,5,0,8.0.0,2024-11-03 05:20:02,,,8.0.0
c9917e18-49bc-4ada-9e55-b15bff53529b,Hanafi Nur Yasin,https://play-lh.googleusercontent.com/a-/ALV-UjUOs0DP4jD9a6GgR6g_tQ2qbQ9R9ok_x8c5kfG5XY1TBcZWVykU,Lengkap aplikasinya,4,0,7.0.8,2024-10-31 23:04:31,,,7.0.8
e4129813-6e73-4936-af3b-8ec1b44a760c,Husznul Virbiansyah,https://play-lh.googleusercontent.com/a-/ALV-UjX7cqGf9unfcQJRJVgBSN8TC27JmuX3-hHDD-PAHcWSnk0glu4,"""Paket sudah kadaluarsa"", padahal versi kemarin walau sudah habis masa berlangganannya, masih bisa dibaca jika sudah di unduh:)",1,2,7.0.8,2024-10-26 02:14:21,,,7.0.8
bf288f19-854a-4f8a-9ee5-ba07b9f347a9,Ainun Na'iim,https://play-lh.googleusercontent.com/a/ACg8ocLgdp6IfSBwYkSezyp9Q0t2iFiyaEKtH0pt8ydl7WQNlcpDiw=mo,"Sudah beli premium 1 tahun dengan harga hampir 1jutaan, ujungnya nggak lengkap. Dan banyak yang belum tersedia, tapi di toko offline nya tersedia. Bingung, mau bilang ini worth it atau nggak. Karena memang, buku nya nggak selengkap yang dibayangkan 🗿 padahal, nih Gramedia satu-satunya harapan gerai paling lengkap di Indonesia sekarang. Jadi : 1. Buku nggak lengkap, bahkan buku populer nggak ada disini 2. Fitur baca nya agak kudet (no blok, sorot, bacakan teks, dsb.) 3. Mahal Krn nggk lgkp",1,39,7.0.8,2024-10-26 01:10:29,,,7.0.8
0945d0f2-bfb9-4ede-bc9b-42b4ff5aa542,Supri Yanto,https://play-lh.googleusercontent.com/a-/ALV-UjVdGo3-Z4mzMpXlNzZU3iEgbbapJnQeb0nztnd7z1g99NU8xcY,®MANTAP&SUKSES* #FOKERNYA* @UNTUKMENUJUYANGTERBAIK* <$>SALAMSUKSESSELALU*,5,1,4.3.1,2024-10-23 12:43:59,,,4.3.1
a5df268f-24f5-4001-bc1f-c7a7feb6559b,L Muh Rizal Purwira Kerta,https://play-lh.googleusercontent.com/a-/ALV-UjVFvGRl3rTSgQ5DwiOPHHvV62khVXFP6K8H73_46ajaJyhRvkm5,⭐⭐⭐⭐⭐ 👍,5,1,7.0.8,2024-10-15 21:32:28,,,7.0.8
461ecbca-9859-4506-992c-478649cfc0c8,Diandra Azzahra,https://play-lh.googleusercontent.com/a-/ALV-UjWjwvktSTIvMKKHtO0l9fMarb0gBSnvTCXnrFd9Qzpr_KV4l-5i,gramedia digitall helpfull banget! buat aku yang suka pengen baca tapi males bawa novel kemana-mana... terima kasih banyak yaaa developer and team ^^,5,15,7.0.8,2024-10-14 23:49:07,,,7.0.8
068f5c5e-7851-4b64-b591-18237d89886a,Kevin,https://play-lh.googleusercontent.com/a-/ALV-UjUBdURT9Uren_vpWzHhK7eZKihWK3jCPcTmq_rL8Z5pxwVVy_-elg,"Tidak layak sebagai aplikasi berjualan buku, management stock saja buruk, lain kali kalau barang tidak ada stock di Toko lebih baik dari aplikasi sudah diinfokan. Merepotkan user ketika sudah checkout dn mengunjungi toko namun ternyata barang out of stock dan perlu refund yang prosesnya 7-14 hari.",1,0,,2024-10-14 04:28:57,,,
ac4792e4-5061-4856-820f-1f0d54a6d03e,Arif Purba,https://play-lh.googleusercontent.com/a-/ALV-UjUFn-kKwokjkwb26Rfn3LGcjbic8pqwhf6xkjnSKmIA2k23e2I,"mantul, murah",5,0,7.0.8,2024-10-11 01:59:22,,,7.0.8
fe6b3150-a0c5-4514-8084-f37f70da4324,Azis Hendra,https://play-lh.googleusercontent.com/a-/ALV-UjWOff7HHdRXjb1FOwMQLpeWDx-ep9bemRTcTerHbL4bigZnvUMq,"praktis, mudah bisa baca banyak buku dalam tablet",5,2,7.0.8,2024-10-09 11:30:52,,,7.0.8
df54dc51-0436-499b-9f77-b1d93efe1e14,Syamsul Maarif,https://play-lh.googleusercontent.com/a-/ALV-UjWpcAlwzDB4CBBgXFz4TxNqtTKd60jv2SJQE6nbNwLD9rZvQkDx,semoga masyarakat indonesia lebih bisa melek membaca,4,0,7.0.8,2024-10-05 18:38:48,,,7.0.8
362d365a-c4a0-4699-94ef-09cf7bfe5042,Tasnim,https://play-lh.googleusercontent.com/a-/ALV-UjXJvD5FTDa8fPgTb_u6ep-V2euD1_vW-pYXvYh3l23gZTm9Bsh3,Aplikasinya bagus. Cmn kurang di pilahn buku aja mnurut sya,5,0,7.0.8,2024-10-04 23:12:57,,,7.0.8
424465cf-b230-40f0-a443-bf465a80138e,Puguh Ari Wicaksono,https://play-lh.googleusercontent.com/a-/ALV-UjW2cTQX-nxpuldB27sYaH59N8ER8pTuwk9u0HQ_ArUVciXV3K0S,"Menurut pengalaman pribadi, aplikasi sudah bagus, buku termasuk sangat lengkap, harga langganan relatif murah.",5,11,7.0.8,2024-10-04 09:55:01,,,7.0.8
2d82ce9d-36c3-4d63-b297-c2f3aa812ed8,Bella Oktaviana Zain,https://play-lh.googleusercontent.com/a-/ALV-UjWZtiDRTi1M6c0Y9imstWrjuHxEUaZFqQEp0g1Ay075mgSV1lVl,"Makin buruk. Aplikasi tidak bisa menyimpan sesi terbaru progres membaca dan malah menyimpan halaman terjauh yang pernah dibuka. Tidak bisa mengatur ukuran font jadi untuk buku yg fontnya kecil jadi sulit dibaca dan harus zoom in zoom out. Daftar isi tidak ada, tidak ada urutan buku populer. Untuk tim pengembang tolong lah diperbaiki, sudah banyak yang komplain masa tidak ada perbaikan? Sangat tidak ramah user.",1,42,7.0.8,2024-10-04 00:36:18,,,7.0.8
69447184-a204-48d8-b33c-40c6aff75cb3,Fatiah Ditami,https://play-lh.googleusercontent.com/a-/ALV-UjW3abot4muWsUuqSjZx1Wk2p6OUFjX39aNwIfs-tjKNsOJGh6dyew,"Saya uninstall dulu ya, saya install lagi kalau sudah baikan.",1,0,7.0.6,2024-10-03 13:05:47,,,7.0.6
94e587f3-7c4e-4fe1-bc75-260ac930fc0b,Adwin,https://play-lh.googleusercontent.com/a-/ALV-UjUu5R_pcWz2XMg6o3g_Lji9BOxOgL7dKx6bYwJNG4BQ4T-pReWEig,"UI aplikasi jelek, beda jauh sama Google Play Book, kalo gamau ebook nya beredar di tempat lain, minimal dimatangkan aplikasinya supaya orang betah baca dan menarik pembeli untuk mau beli di produk eksklusifnya gramedia, kalo ngasih bookmark aja ribet, ngeblok tulisan juga gabisa, dan fitur lain ga ada, GIMANA ORANG BISA NYAMAN BACA DAN MAU BELI BUKUMU??",2,14,7.0.8,2024-10-03 09:21:59,"Mohon maaf atas ketidaknyamanan yang dialami, untuk kendala Bapak/Ibu bisa hubungi kami melalui email customercare@gramedia.id. Agar kami bantu kendala nya lebih lanjut.",2025-04-14 11:56:38,7.0.8
3babca13-be4b-47bb-8913-b8a89732f6ef,Bilal Iksan,https://play-lh.googleusercontent.com/a-/ALV-UjV4QRDSJ-Xxvc85EAbildH7OlpQc-atj9J4ypAy4NKiB-xirxM,Tambahkan versi desktop dong,1,0,7.0.8,2024-10-02 12:36:37,,,7.0.8
094e7ec4-57c0-4bd4-9baf-bb3e3ba16289,Queen Zi,https://play-lh.googleusercontent.com/a/ACg8ocJdhrdbeXwDuaytoFMQkUiZzTd4Ebru9PczAO0058xwmPAFtKo=mo,tolong tambahi highlight supaya gampang nandain perkalimat.,1,4,7.0.6,2024-09-24 15:46:07,,,7.0.6
2a2e431d-698c-4a75-957c-64b2b8b1f2cc,Risma Anggreni,https://play-lh.googleusercontent.com/a/ACg8ocJQM1tzx7b-_ytZTQlzVZOg5a9YSp-k3AikonvT4QzdmfdqPQ=mo,Aplikasi yg sangat bermanfaat untuk orang yg suka beli dan baca buku,5,1,7.0.6,2024-09-24 13:35:44,,,7.0.6
9015dac5-47f9-4927-92cc-79010f8d5a20,Pieter Tani,https://play-lh.googleusercontent.com/a-/ALV-UjVKJclpZbbXiIdlPc998uQ8sdBSJtyerLfyf4mnnncw-vXaPOxL,Omg,5,0,7.0.6,2024-09-24 09:04:51,,,7.0.6
6a88621a-6455-43f4-a534-3ef385ede052,andri wiranata,https://play-lh.googleusercontent.com/a-/ALV-UjVp-rrjM4wBm3ZdtFbcyDGImP4t2LzCk2-944fAtSTGVA6yVuWt,"kalo uda ada fitur dark modenya bakal 5 bintang, fitur basic untuk app membaca masa ga ada",1,0,7.0.6,2024-09-22 20:12:44,,,7.0.6
873e24eb-18d2-442c-ad95-b856a39528ed,nomima,https://play-lh.googleusercontent.com/a-/ALV-UjXoZ2wO-4sUUl9t94qpw4VfgPAuBVmu4mPO3Q6lAx_feS2M2zt-,"Great Job Gramed! Buat saran mungkin bisa ditambahin detail kecil di beberapa part biar pengalaman make app nya makin enak dan nyaman. Kaya misal ui katalog di beranda utama dibanyakin lagi untuk spesifik genre dari bukunya (ngga cuma paling sering dibaca, atau baru rilis, pilihan editor, dll). Terus juga untuk bagian buku digitalnya sendiri mungkin bisa diimprove lagi biar kita lebih leluasa untuk baca, geser halaman, dsb. Dan semoga makin banyak buku yang bisa dibaca di gramed digital ini.",5,1,7.0.7,2024-09-22 09:14:12,,,7.0.7
8e9f0f7b-25b2-4e94-b7a9-22843e4c8a7e,naomi,https://play-lh.googleusercontent.com/a-/ALV-UjVsK5RcvkDPOpEw-kNQnKr6byhrcw5F6ZprpIzUKv7ABIK7Zec,Bagus sih bacaan yg tersedia. Tapi please tolong adain fitur convert jadi EPUB pada aplikasinya. Sumpah baca di pdf gak enak banget padahal mau banget baca. Padahal apk lain udah banyak yg nyediain langsung convert dari pdf ke epub.,5,5,7.0.6,2024-09-21 12:03:17,,,7.0.6
5c978b00-424a-4016-94df-cf927e579d2c,adel liaa,https://play-lh.googleusercontent.com/a-/ALV-UjV1GTQ708pnHyTr_DqerDx-AREQ2cHceq85_sLYF7oPvWMbjus,Untuk app ini memang blum ada fitur highlight perkalimat yaa,4,0,7.0.6,2024-09-20 08:30:30,,,7.0.6
07386c9f-94a9-4b2a-99a7-163fa1171a60,Gusti Muhammad Aldi Rifqi,https://play-lh.googleusercontent.com/a-/ALV-UjWyACJR8UkfrbyFBlyNs0kDonJFcvToiu1DjPVCJlIjdG3f5dNu,Ada beberapa kelebihan yang saya sukai yaitu bisa baca dimana saja. Tapi kelemahannya adalah terkadang sulit mengatur ukuran font dan margin dari buku yang sudah kita beli (Premium dan juga beli copy langsung). Mungkin ini bisa ditingkatkan lagi lah ya,4,5,7.0.6,2024-09-19 03:15:08,,,7.0.6
400229de-d8bb-464f-b339-5cc87e0efcf5,Guntur Logi Samudera,https://play-lh.googleusercontent.com/a-/ALV-UjWTOBuJeo8poB2OrNi_lSe23Yz1-6yAIMSgWQ_xzbH7ddS_EEUDcg,"kenapa saya kasih bintang 4 karena saya mendapatkan buku dengan judul bahaya lisan dimana tulisan arabnya sangat jelek, kenapa buku ini diterima saja",4,0,,2024-09-17 04:36:44,,,
6d89d783-796a-4920-9946-d6bff2938ce1,Nova Affandy,https://play-lh.googleusercontent.com/a-/ALV-UjVqrYavwXc7Dzo4vD_MDE6s0VfC7f9BuxDJHx1IaI2o-eK0qOXd,membuat wawasan pengetahuan bertambah luas,5,0,7.0.6,2024-09-15 18:11:02,,,7.0.6
e4abd8e6-829f-478e-8363-bee3c2db17d0,Novia Romadayanti,https://play-lh.googleusercontent.com/a-/ALV-UjVrn6ABaXeDGX28HCHibJiMSGD8psVQqliHCYvoP_Omaz8__YSy,Makin jelek yang udah diunduh gak bisa dibaca lagi pas langganannya sudah habis👎👎👎👎👎👎👎,1,3,7.0.6,2024-09-13 22:47:12,,,7.0.6
f2ac971e-e972-48d6-9bb8-911e85910dcf,Hinell Sakamaki,https://play-lh.googleusercontent.com/a-/ALV-UjWbq25eFqGBoQBlN6DkupyBTMA2n7rFU9bNM4j1irW6UUSsBWw,"Yaah, kirain bisa beli buku fisiknya terus di kirim atau ngambil bukunya ke toko terdekat :'3 kek PO gitu. sedih klo cuma bentuk pdf",2,1,7.0.6,2024-09-13 17:20:39,,,7.0.6
8901c0aa-d0cb-4abe-89ef-8344559e7a5c,Lyla Riza,https://play-lh.googleusercontent.com/a-/ALV-UjUZbrH1nvPQYanaqNPCwYcwHEs02CSfSQT6N4jf-1DJ8uf59auN,sangat bagus dan bermanfaat,5,0,7.0.6,2024-09-11 06:32:37,,,7.0.6
f07b2dfe-b067-4769-8ce0-f86661c42c3c,Misael ARTUR,https://play-lh.googleusercontent.com/a-/ALV-UjX3SH7AcgiJfHFZHtTCyw6qY4N4G10tzCIam3sS6bRbE0c25DFs,ok,5,0,7.0.6,2024-09-08 06:57:02,,,7.0.6
f349c838-5d29-455f-a99b-63f6716ed41e,Ayhu Vhika,https://play-lh.googleusercontent.com/a/ACg8ocJyQgFwNdGKD0z_Lf-_-_cATsPUyIM-Ec3-S_X7Sx2gXToA8w=mo,"Setiap kali buka aplikasi harus login dulu. setelah update aplikasi dan login (lagi), riwayat pembelian saya terhapus.",2,0,7.0.6,2024-09-08 00:25:31,,,7.0.6
b939f983-f435-4693-92ec-3bff32a3803b,Shinta26 Nur,https://play-lh.googleusercontent.com/a/ACg8ocKTNWGA_YopHFtY84rm4UthdjltuRyrGDM_3iQ-bVuiU3S5-g=mo,"Waktu di buka di google,nyari buku di pencarian bisa tapi waktu udah di download gak bisa ada tulisan ""produk tidak tersedia"" Padahal waktu di cek di google ada. Mau niat beli buku jadi males karna jauh lebih ribet dari pada dateng langsung. Mohon Admin yang mengurus aplikasi segera di perbaiki. Terima Kasih jika keluhan saya di perbaiki🙏",1,1,7.0.6,2024-09-07 23:29:54,,,7.0.6
f7e2e9db-399d-4f65-9e6b-aa7e3f3fc849,Yudi Irawan,https://play-lh.googleusercontent.com/a-/ALV-UjW7ZkVZaO50wy83IzMRD-n276-eYrHrxDyBMVUGr_jDeMIQM6Rw,sangat bermanfaat,5,0,7.0.6,2024-09-07 19:50:05,,,7.0.6
90378e4b-7340-4a15-9f8a-e5fe6704c05c,Aisyah Nf,https://play-lh.googleusercontent.com/a-/ALV-UjW_NUXY8SdSszGsRi599FQ-DoFdFD7yzYajvGKo-XRazoWl-HjJ,"Sistem pembelian korannya tidak bisa beli satuan, dan tidak ada keterangan bahwa koran tanggal sebelumnya tidak dapat diakses.",1,0,7.0.6,2024-08-27 03:36:16,,,7.0.6
5bb7a6e9-9672-4473-8949-6b1b9c6d1776,Andi Arsyad,https://play-lh.googleusercontent.com/a-/ALV-UjVGLOhn3kuJAVwpHF_zEqnAhJ6Eqk6Nqn4PgNwwQPA0nmpUGBE,Nggak sesuai dengan tampilan produk,1,1,7.0.6,2024-08-27 02:43:23,,,7.0.6
59f2d8c7-4f70-4fab-a1c4-431cae081cbc,Clarita Lalita,https://play-lh.googleusercontent.com/a/ACg8ocLkl0gww6fPHXBgs4hUcRli225AQLswLFy3n7WNaRE5lzap8Q=mo,"Overall, aplikasinya bagus, ga ada bug, ukuran aplikasi juga ga besar, harga buku terjangkau dan ada banyak buku yang bisa diakses secara gratis. Ukuran hurufnya pas serta bisa diperbesar dan diperkecil dari layar. Hanya saja saat proses membeli buku, saya tidak bisa menyambungkan akun Dana ke aplikasi ini padahal saya sudah melakukan apa yang diarahkan oleh aplikasi. Jadi bagi saya lebih mudah melakukan transaksi melalui versi webnya. Tolong diperbaiki fiturnya ya. Terima kasih.",5,21,7.0.6,2024-08-25 16:12:23,,,7.0.6
429ec4e2-71d7-4f13-8991-11a2277396d5,Dhono Nugroho,https://play-lh.googleusercontent.com/a-/ALV-UjVJCm2aAGX6kq925K_LOf-P9VNMlmuwCkbZMojtkjuYCLhI1VBg,aktivasi ulang tidak bisa,2,0,7.0.5,2024-08-22 15:05:02,,,7.0.5
8c9d4729-0d58-46fa-86a4-2f947523adc6,Arie Sulistyawan,https://play-lh.googleusercontent.com/a-/ALV-UjWcmJrpRMzkFkQ3aHu2IDnnRdNeIkfEiW5_RRPGK1avDtRxN3-2,good,5,0,7.0.6,2024-08-19 03:55:58,,,7.0.6
d1559527-d5c1-4354-851b-e76b277eba7c,Agape,https://play-lh.googleusercontent.com/a-/ALV-UjX0X4wMEFt7gMNSZ4HROVxIvce9W-JNAHhPbyz6L0RG-ynsmNlE,Mahal gak ada bedanya ama buku fisik,2,0,7.0.6,2024-08-15 10:49:38,,,7.0.6
48ff15b4-8a3a-4a40-aaba-47366d5aabed,facrul pattilouw,https://play-lh.googleusercontent.com/a-/ALV-UjURad6G878qwYajjT19-lZ_2U949Qa8Y-zXK4B3zyM80Teoiho,apakah aplikasi bisa di instal di PC juga ya?,4,0,7.0.6,2024-08-15 04:46:20,,,7.0.6
44f72c6f-30ee-4f0f-bd59-bd536750ca3f,Bambang Syairudin,https://play-lh.googleusercontent.com/a-/ALV-UjWmBAcGgK1992e3-F8I-IdKBFaT-oS-ODIgZPHLzJyCrpLTojVmUg,Sangat praktis dan sangat bermanfaat,5,0,7.0.6,2024-08-14 20:15:29,,,7.0.6
b632d017-f863-4ecc-96ee-2d76ab5379b4,anisa oktaviani,https://play-lh.googleusercontent.com/a/ACg8ocJr0ppOMBXMtyYshJBdWGgz0Gnpvs3SrRdn6Ludw_CcwJZnIg=mo,"Harga bersahabat, cuman fitur membaca nya kurang nyaman dan tidak konsisten. Fitur mengubah font tidak tersedia untuk semua buku, hanya sedikit. Tampilan halamannya otomatis ke halaman terupdate berdasarkan progress (bukan halaman terakhir kita tutup), jadi harus menyesuaikan manual. Tidak ada fasilitas insert pages harus geser kursor halaman, kurang efektif. Semoga aplikasi cepat diupdate terutama fitur ukuran font untuk semua buku, sehingga bisa memberikan pengalaman membaca yg lebih nyaman.",3,22,7.0.6,2024-08-06 12:48:06,,,7.0.6
38df4de0-ecd8-48cb-8d66-f8cb7a5eec52,I'm Potatoe Chips,https://play-lh.googleusercontent.com/a-/ALV-UjXy3jrUCYeCNZRpCN-JVs40Hqs-BWsh0QCGuYys16LQpwHUgQUr,"Lagi asyik baca suka susah di geser halaman, sering keluar sendiri juga. Cukup sekali aja, karena saya lagi pingin baca wishlist yang antrian nya panjang di perpus online 😊",2,7,7.0.6,2024-08-03 23:21:00,"Mohon maaf atas ketidaknyamannya. Untuk kami dapat membantu anda untuk menangani issue terkait, mohon hubungi kami di customercare@gramedia.id. Terima kasih atas kesabarannya dan dukungannya! 😁🚀",2024-08-05 03:29:14,7.0.6
61433472-980a-4516-a553-94f0f19bc058,Adzani Khanza,https://play-lh.googleusercontent.com/a-/ALV-UjV0EO4iuuKAYWT8GlHDCYHYBKwdHLkEogLti4IjcDyr1yV0woPU,"semenjak bbrp update jadi semakin nyaman bacanya, terutama kalau formatnya e-pub, semoga buku2 lainnya yg masih format pdf juga bisa ada format e-pub nya supaya makin nyaman baca di e-reader.",5,1,7.0.6,2024-08-02 21:54:36,,,7.0.6
89f87036-0ec7-45dd-8dd7-418d64693aef,Campur Semua bumbu lalu diolah,https://play-lh.googleusercontent.com/a-/ALV-UjVs3p7hq7jNMDLkwcnr-8oqzDe-DmXjiRJ0cb4ke63eiA2YOMek,buku budidaya khusus penerbit swadaya atau trubus eh ga da..gimana sih ..malah banyak koran ga guna,1,0,7.0.6,2024-08-02 18:45:48,"Mohon maaf atas ketidaknyamanan yang dialami, untuk kendala Bapak/Ibu bisa hubungi kami melalui email customercare@gramedia.id. Agar kami bantu kendala nya lebih lanjut.",2025-04-14 11:56:46,7.0.6
8dd8f74e-8133-4349-aaf9-660b169ee71d,jake dash,https://play-lh.googleusercontent.com/a/ACg8ocL3VxF6bkP0PTRlX4yE6kqQxLLlGQ0QPD9T0uOsIxZ1TXqu9Q=mo,"Suka macet aplikasinya (susah ke halaman berikutnya), ukuran huruf juga nggak bisa diperbesar. Tolong buat mode gelap juga.",3,3,7.0.5,2024-07-30 11:40:05,,,7.0.5
14ec8824-a071-4237-9346-675be7d89301,Budi Widyadharma,https://play-lh.googleusercontent.com/a-/ALV-UjXC7jJL2zKUql036iVmgA1WUxKO5XHn2A-cxvRjR8cDoVT6ibOG,"Bagus untuk tablet, tapi untuk ponsel kekecilan & tidak nyaman bacanya.",4,1,7.0.1,2024-07-29 08:56:47,,,7.0.1
aaa3fb5d-b580-41c9-aea8-043f3b7fd25d,Chika Zenita Sabrina,https://play-lh.googleusercontent.com/a-/ALV-UjWEY_aUmXR-ORdcF-s4w2WUomYywqsazOhc6xLAxe43UAU6zO0,Tolong fitur urutkan dari terpopulernya diadakan lagi karena sangat membantu cari buku yang lagi populer,2,0,7.0.5,2024-07-22 04:15:51,,,7.0.5
df85acf2-9c4c-47a8-af02-0f897c8b6d00,Kiky Nur777,https://play-lh.googleusercontent.com/a-/ALV-UjUqs7M-HLaNo3DbhvfZMf5GGzf1WF3ncfznlgKPeC1ks8WDXTwL,Perbanyak lagi novel s mara gd buat fitur premium nya,5,0,7.0.5,2024-07-20 07:50:35,,,7.0.5
76842cfb-80db-4c27-bd42-604f8e659391,doni lai,https://play-lh.googleusercontent.com/a-/ALV-UjW5Iay4LZn5Sfnyu9k3sfQ0zM9KLE66-L850Oz7fPl5MAn0fbg,"cuma baca diponsel gak nyaman seharusnya ebook dapat didownload, sudah beli gak kebaca rugi",1,1,7.0.5,2024-07-19 08:09:06,,,7.0.5
f570264c-05fd-4f20-8d5b-544efe7edb32,Muhammad Asganda,https://play-lh.googleusercontent.com/a-/ALV-UjUmQWBQRaxsq58oZAgzLOahNmIIDAqmXNexjofPP3hsSNK8qjRg,Apalah gramedia ini gua masuk tiba tiba akunnya keluar trus pas mau masuk lagi akunnya malah keluar akun belum diverifikasi,1,2,7.0.5,2024-07-18 00:35:33,,,7.0.5
4fd2869f-d978-4298-bf3c-c11137e05b11,Drajat Daru,https://play-lh.googleusercontent.com/a/ACg8ocK8i6zqQkcxDYmmsDNwL6Gj96CBz7VgJCgU8Gy6j2BpZ2bL_qE=mo,"Buku2 saya hilang puluhan biji.....bajindol, tinggal 3 @$u",1,0,7.0.5,2024-07-16 15:56:07,,,7.0.5
9a941b2d-705c-43ad-9bb1-a1074860668f,wahidin syahrir,https://play-lh.googleusercontent.com/a-/ALV-UjV_RG9CXH9EaP1Hf-m4x1zEvm2w9xlUfN_G5M-gfGCW8h9LnxRB,Abis beli buku berani tidak disukai tapi malah di suruh beli lgi dan gak bisa dibaca,1,1,7.0.5,2024-07-16 00:01:53,,,7.0.5
dd8c035f-32f3-4c67-a8e6-15d82521423e,Alan Seme,https://play-lh.googleusercontent.com/a-/ALV-UjX6gmuCTJ_BQkjs9hCZYbaNoGRWnukyCEllnctMj4IQUHrLYhTo,A.S,5,0,,2024-07-14 13:13:49,,,
792c348f-161b-4174-a09d-09d580bcffc8,Devaaa,https://play-lh.googleusercontent.com/a-/ALV-UjXrfWNGJK2FqbeDHuNKdPa3WyKZg7_rQs52M8dgQZd0_bGslGs,"Bacanya nggak nyaman sama sekali. Lompat halaman susah, hurufnya kecil-kecil. Ini nih cuma buku habis itu di-scan, di-upload. Kalau tulisan ngga keliatan ya di-zoom. Sama sekali nggak efisien. Ya sakit mata, ya tangan capek Setelah update, buku² di perpustakaan saya hilang. Saya menyesal update aplikasi. Sangat² nggak recommended aplikasi ini",1,61,7.0.5,2024-07-14 08:57:18,,,7.0.5
a7e1b9c6-857b-46ee-aba8-f301bed05e28,ego wilaga,https://play-lh.googleusercontent.com/a-/ALV-UjVS6h3bVnUfojKgw59WDmbi84uo9zXNReAvWf5ZHY2FlFqzMhY,"Yallahh tolong ini aplikasi jngn smpe ilanggg, penyelamat bngttt iniii 😍🙏🏻🙏🏻",5,0,7.0.5,2024-07-13 18:47:07,,,7.0.5
b193cdf4-a47b-44f7-b32d-dd5be48124f0,Sodik Sodik,https://play-lh.googleusercontent.com/a/ACg8ocJq_uc8juGCdD-Tsc_YOkjRr7xrRsXIYr2F5JqeULk785i4Ag=mo,"Bener bener kecewa refrensi bukunya sangat sedikit, di pencarian tidak ada badahal sudah beli yang full premium buat di baca, begitu mencari tidak ada Semoga bisa di lengkapi lagi supaya tidak kecewa, zero to one saya cari bukunya di pencarian mau saya baca ngga ada, percuma dong",1,4,7.0.5,2024-07-13 18:07:52,,,7.0.5
29bd4548-de7b-4cbe-8ef6-d3e0cf6f666c,Nur Anifah,https://play-lh.googleusercontent.com/a/ACg8ocIjOg8rRNlcf7wkXOFFhYh7Dd6h6bEMfd37boVx2cpKxrbiCQ=mo,"Awalnya mmg ada kendala...tp setelah minta bantuan ke custumercare, baik di IG maupun email responnya cepat dan kendala teratasi, terima kasih Gramedia Digital Edit tgl 12 Juli 2024 : Sejak diperbarui akhir2 ini sy bingung mencari buku yg sdh pernah sy beli karena bercampur dg koleksi yg pernah diunduh saat berlangganan. Alangkah baiknya antara koleksi yg dibeli dan diunduh saat berlangganan dipisahkan. Terima kasih.",5,15,7.0.5,2024-07-12 05:52:35,"Hai kak mohon maaf atas ketidaknyamanan yang dialami. Untuk kendala yang kakak alami akan kami bantu sampaikan ke tim Gramedia Digital, namun agar dapat kami bantu pengecekan lebih lanjut dan untuk menjaga privasi pelanggan mohon Kakak dapat informasikan data lengkap melalui email customercare@gramedia.com. Terima kasih",2020-11-23 06:50:23,7.0.5
df06218c-9ba7-4a33-8016-22502bd72f6d,PRAZ Mania,https://play-lh.googleusercontent.com/a/ACg8ocL2hVfJYTeHUSyKWPSqFPqf0InKGm0USUB-S8m6ACMu-dbBrw=mo,Tidak lengkap untuk mencari komik dan sejenis nya,1,0,7.0.5,2024-07-11 14:03:18,,,7.0.5
3d18576b-8fa5-4362-a316-e9e03ecb2f75,Adelia Ramadhani,https://play-lh.googleusercontent.com/a/ACg8ocI96fl13GoFgGP_ANrB2doweQQHi3MwZHFcmvapLnLejR0iF8Jx=mo,"Payah dan jelek banget update aplikasi yang baru ini. Pertama, filter bahasa dihilangkan. Kedua, sudah tidak ada lagi urutan buku populer. Ketiga, kenapa setiap saya sedang menscroll mencari buku sampai kebawah dikategori dan membuka deskripsi buku lalu kembali lagi malah naik ke atas lagi, jadi saya harus menscroll kembali kebawah. Tolong diperbaiki lagi demi kenyamanan pembaca",1,14,7.0.5,2024-07-09 22:18:52,,,7.0.5
6c5462bc-9a07-497f-9d8e-aeb6d59113e2,Salman Al-Farisi,https://play-lh.googleusercontent.com/a-/ALV-UjVnoYU17SeOhpKIXbpWuXrsGikMcDN1yfrmORzz2PFkMiArexGS,GOOD,5,1,7.0.5,2024-07-03 13:02:19,,,7.0.5
c8bde339-6e80-4fee-b797-b720ae011312,Adinda NauraM.D.,https://play-lh.googleusercontent.com/a/ACg8ocKZugunxnFLRjlM2eu5e7R4o7AWmJAJUTr2TosSfbllLp1bqg=mo,udah daftar dan masukin no hp tapi kok malah disuruh ngulang ya? pas diulang ga bisa karena no hp udah ke daftar :(( plis gramedia tolong benerin dong...,1,1,7.0.5,2024-07-03 03:00:51,"Mohon maaf atas ketidaknyamannya. Untuk kami dapat membantu anda untuk menangani issue terkait, mohon hubungi kami di customercare@gramedia.id. Terima kasih atas kesabarannya dan dukungannya! 😁🚀",2024-07-03 06:42:29,7.0.5
7ba66cf8-949a-44b7-8822-ffe87702678b,Doni Sanjaya,https://play-lh.googleusercontent.com/a-/ALV-UjX8JnjQcuAy9fi3-8oFtglUmUVlGknntr4eCv7XNlIQ7wzAtqND,perpustakaan tidak bisa dibuka..sudah dihapus n download ulang masih sama,2,2,7.0.5,2024-07-02 04:05:22,"Mohon maaf atas ketidaknyamanannya, terkait keluhan di Gramedia Digital silahkan kirim email ke customercare@gramedia.com ya kak",2019-02-09 09:21:24,7.0.5
5af84997-4019-4b45-94a8-c4c1c5e3e15b,Najwa Adearta Hutabarat,https://play-lh.googleusercontent.com/a-/ALV-UjXQLXuW0CpUhLth5Ks4_6lU194UzVVVU_g_bQtF6wBNKjJUUsq8AQ,Udah bagus sebenarnya tapi fitur-fitur yang ada di epub harusnya tersedia juga di pdf sehingga kita bisa nyaman membacanya. Mohon segera diperbaiki,3,7,7.0.5,2024-07-01 15:51:02,,,7.0.5
e4641baf-a7f8-4ed3-bcaa-f67d7f6a523b,Illal Azqoni,https://play-lh.googleusercontent.com/a-/ALV-UjXfv1kOiYjkMhEPgZfzjeYk4Xr11ubfpQpGejqKkUQ2ReXFgjc,"tambah lagi ada yang kurang di update ini, di posisi layar horizontal gak zoom otomatis.. saran saya sih harus di update lagi.. buat baca jadi nyaman biar mata kita gak merasa kesakitan",4,26,7.0.5,2024-06-24 09:24:20,,,7.0.5
f05874d8-04c2-4106-9bfa-ea4c6b09993b,Aileen Felicia,https://play-lh.googleusercontent.com/a/ACg8ocKp5yU2ZnklZjqMdRQ2DSo5h0BNlg-QcVdbHJFF-3fO2Xf4GsA=mo,"Sejak update sistem jd sering error, mengecewakan. mending balik kyak awal aja.",1,5,7.0.4,2024-06-23 15:29:13,"Hai kak, mohon maaf atas ketidaknyamanannya, terkait feedback yang diberikan akan menjadi masukan kami guna perbaikan pelayanan kami kedepannya.",2022-03-02 10:15:35,7.0.4
29fccc47-9a5b-45f1-a0aa-6316271d351f,Maulana Malik Ibrahim,https://play-lh.googleusercontent.com/a-/ALV-UjVlL4ugUSviOMiHfwhp_MnBBUaPRGMo_o_9i7ypJssmpP7MxBaX,Habis update buku yang udah diunduh ilang semua. Halaman terakhir bac otomatis ilang.,3,0,7.0.4,2024-06-23 12:07:24,,,7.0.4
0b60d7fe-2fe6-4a00-aa84-839751650132,Aa Duri,https://play-lh.googleusercontent.com/a-/ALV-UjVqFTuhPAnPY7ui9UpqtW1ess8IWGPq9_-0LGIGIV-MMO5znaI,Fitur halaman yg terakhir dibaca tidak berfungsi sebagaimana mestinya. Saya jadi bingung bolak-balik halaman terus.,1,11,7.0.4,2024-06-21 00:42:04,,,7.0.4
21408cb0-2d4e-43b2-a2d1-69386ca485d1,Kekuasaan Belanda tenda,https://play-lh.googleusercontent.com/a/ACg8ocLdvrgrg1HF_G8t1Dnz86PYFJFEP8i6lTO3Awxu-87j41_p_w=mo,Bagus,3,0,,2024-06-16 07:10:13,,,
1a207b1c-ef29-4601-914e-321c7963e611,2. Faiz Abdullah Rosyad,https://play-lh.googleusercontent.com/a/ACg8ocKR-NhJjBFumWU7-KAgflZm7j0KSIkgjZ9Hwq520ULjDejorQ=mo,Setelah update baru malah gabisa login,1,8,7.0.3,2024-06-12 17:51:51,,,7.0.3
39556b64-0fd0-4803-a1d4-de4a946abf59,Fitri Anisa,https://play-lh.googleusercontent.com/a-/ALV-UjW19PB543nxuflrsNutmAS1twXKkMD-s6VECa2b2cM_QrZSL2UB1A,"Seneng banget ada gramedia digital, tapi kenapa nggak ada opsi pembayaran VA lagi😭 bayar pake pulsa verifikasinya lama banget",3,9,7.0.3,2024-06-07 03:08:06,,,7.0.3
41cb27f2-1396-4684-8f77-8d39b78e3856,Dimas aditya,https://play-lh.googleusercontent.com/a-/ALV-UjUPtZK9KU5okboyl84lRLrBd3IYk6gmayePlFXltuMtMUVcR2qo,tolong adakan untuk pc,4,0,7.0.1,2024-05-27 12:28:39,,,7.0.1
59acc839-ec96-4b16-af43-33dbe401dd7e,Datin An Nisa Sukmawati,https://play-lh.googleusercontent.com/a-/ALV-UjWOql275BI1NR599dscENNykQZO5y_Z_Iiv-6uNtBpBhPiNHCsN,"Setelah di-update, buku yg didownload tidak bisa dibuka. Mohon perbaikannya karena sudah beli paket premiumnya",3,2,7.0.1,2024-05-22 13:04:35,,,7.0.1
d32be8ab-1a38-4a3b-a910-135cdfc4039e,Hendri Setiawan,https://play-lh.googleusercontent.com/a-/ALV-UjXJMwHmlJLTNvt7VxqJY0DCbKaepNinDwd1ogRqKHwQa_JzQpy3,Saya beli paket premium satu bulan tapi setiap akan membaca tidak bisa. CS gramedia membantu saya mengatasi masalah tersebut. Terimakasih,5,4,7.0.1,2024-05-16 13:19:52,,,7.0.1
22efd083-64a1-4664-98d8-ec6b1ef7dc3a,Satelit,https://play-lh.googleusercontent.com/a-/ALV-UjVtFLJF8SsxebQLCQ161P_nJEe8EOyUAwsu4JA8eWfA8N6CKe6f,"Buku yg saya download tidak bisa di buka, info langganan kadaluarsa, padahal saya sudah berlangganan paket premium",3,3,7.0.1,2024-05-15 14:33:44,,,7.0.1
945c5609-24f5-4918-9d31-117f9dd4d59c,Herry Kaway,https://play-lh.googleusercontent.com/a/ACg8ocLG0l5I0jiiNyO_n2X_wI9l0vlDD22QuBY2ZnjWs8rzl0pe_zE=mo,"Kembalikan Gramedia yang lama, knp skrg baca buku harus pakai sinyal internet? Itu buku udh di belikan? Knp harus di bayar pakai internet lagi? Kalau gak Gramedia tolong siapkan buku2 yg udh dibeli secara fisik biar ini aplikasi kami tinggalkan. Terimakasih.",1,40,7.0.1,2024-05-11 18:07:56,"
Halo kak, terima kasih telah menggunakan Aplikasi Gramedia Digital! Maaf atas ketidaknyamanan yang mungkin terjadi. Untuk membaca buku offline, pastikan telah mengunduhnya sebelum perangkat terputus dari internet. Jika perlu bantuan lebih lanjut, hubungi kami di customercare@gramedia.id. Terima kasih atas kesabaran dan dukungannya! 😊",2024-05-13 04:40:19,7.0.1
108c0438-dfd4-4b80-854d-9c5052a94a11,Dumb Face,https://play-lh.googleusercontent.com/a-/ALV-UjX9ARxv1FoWcOg9Khafh7Yt-c6_cv0bKuJ_Ma6eW_9CIZ1iTZY2,"Tolong kembalikan filter buku berdasarkan ""populer dan tdk populer"", kenapa fitur bagus kayak gini malah dihilangkan? Fitur ini penting terutama buat mereka yg ingin memulai hobi membaca biar mereka tahu buku² apa saja yg banyak dibaca org dan kenapa buku itu banyak dibaca. Ide idiot siapa sih yg buat Gramedia digital jadi jelek kayak gini?",1,12,7.0.1,2024-05-09 08:24:49,"Terima kasih masukannya! Kami sudah memperbaiki masalah ""Buku Kembali ke Halaman Awal Ketika Dibuka Kembali"" pada versi 7.0.1. Mohon update aplikasi ke versi terbaru untuk mendapatkan perbaikan. Info lebih lanjut hubungi kami di customercare@gramedia.id. Terima kasih atas kesabarannya dan dukungannya! 😁🚀",2024-04-29 03:18:29,7.0.1
4c0104c4-f63b-48db-9ffc-6d1b447c5072,Rizqi Pratama,https://play-lh.googleusercontent.com/a-/ALV-UjX6PlS60xUiEZX0NjMNmQb5Vy321en89RHnMA5e-6AF6dKk2tYR,Kurang lengkap,2,1,,2024-05-09 06:10:58,"Halo, Untuk kami bisa menangani permasalahan anda lebih lanjut jangan ragu untuk menghubungi kami di customercare@gramedia.id. Terima kasih! 😁🚀",2024-05-13 04:40:51,
88fb023d-0005-48ef-90a5-fb302deaad09,Tony Haikal,https://play-lh.googleusercontent.com/a-/ALV-UjVNqOYznT3GiA88KayXx2PT6XGhjdsR8WdmWfKVXLpJ_3pYccRA,"Saya mau beli komik Ghost's Doctor ngga bisa ada pesan ""ada gangguan, harap coba beberapa saat lagi"". Tapi pas nyoba beli komik lain malah bisa. Tolong perbaiki developer yang baik. Kalau sudah betul saya tambahin bintangnya jadi 5. Semangat",3,22,7.0.1,2024-05-02 14:33:02,,,7.0.1
c0430b75-c136-40c8-84bd-2a5295753024,auxiliaries,https://play-lh.googleusercontent.com/a-/ALV-UjWq2js5udG8pAS_ESVUd_PhttnSNyWgXXEFSRAqokc7IL-rsenR,Buku yang sudah didownload setelah aplikasinya di-update malah hilang. tidak muncul di profil/koleksi buku. Tapi penyimpanan data aplikasi masih sangat besar. Tolong ini gimana caranya agar buku yang didownload sebelum aplikasi di-update muncul lagi di akun kami.,2,7,7.0.1,2024-04-29 03:58:17,"Mohon maaf atas ketidaknyamanan yang dialami, untuk kendala Bapak/Ibu bisa hubungi kami melalui email customercare@gramedia.id. Agar kami bantu kendala nya lebih lanjut.",2025-04-14 11:56:53,7.0.1
ed53f90d-f59e-47ee-9790-1baf6399ffb0,Utu8e 2020,https://play-lh.googleusercontent.com/a/ACg8ocIJrfLfNKDiwpVNkq0LGHpJrCNyvddWVvHLOpRvcZDVETpz6A=mo,Sudah APRIL 2024 tapi di aplikasi masih tidak ada pengaturan untuk DARK MODE?,1,1,7.0.0,2024-04-27 16:13:50,,,7.0.0
c281c3ba-6ebf-4492-85f7-c4c9ecb54fdc,Black Bacc,https://play-lh.googleusercontent.com/a-/ALV-UjVc0XI0dzSrfU2krL2ZmGL1qA7hu5IPrqRYiLjZFgaYPz0DGFVe,Sering banget error servernya. Kaya tiba tiba timeout. Mau search buku susah loading terus. Dan pengalaman membaca kurang nyaman. Saran aku sebaiknya untuk buku semacam novel atau yang tulisan semua pakai format epub jangan pdf. Karena cape harus zoom satu satu halaman apalagi aku pakai handphone. Harus ada dark mode. Karena gak enak kalau baca buku yang halaman background putih. Terus di aplikasi background nya putih juga. Disisi lainnya aku suka buku-buku nya bagus.,1,53,7.0.0,2024-04-25 08:01:14,,,7.0.0
272ba62e-a6f3-42f4-8568-6748205a8b94,Nauli Intan Zahrani,https://play-lh.googleusercontent.com/a/ACg8ocL5tmQslBXMpkh20ZaArEXp9b1sFibZlgq0xYg60zVYKZ0maQ=mo,"Balikin gramdig seperti sebelumnya, selain saya juga pada tidak suka gramdig yang baru, jika sudah diubah saya akan mengubah rating saya juga",1,7,7.0.0,2024-04-24 00:07:05,,,7.0.0
ce8351b2-797a-4fbc-b407-89204ba41ac9,Jannatul Aini,https://play-lh.googleusercontent.com/a/ACg8ocLvgSx2shcYmTcVxnTfIHUiUxVVfjo9mA3Lq87gSYaumtCpkw=mo,"kecewa saya sama versi terbarunya, buku yang di unduh hilang semua",1,5,7.0.0,2024-04-20 04:03:59,,,7.0.0
d374a741-5f5a-42ab-858e-eccd6be47e5c,Antung Apriana,https://play-lh.googleusercontent.com/a/ACg8ocKbSYm-53gD9eRdePYrrSKnN1nEEyAqD_mcy0d2siiylDr5cg=mo,Diupdate bukannya tambah bagus malah tambah jelek aplikasinya. Tiap buka buku balik lagi ke halaman pertama padahal sudah dibookmark tapi nggak kesimpan,2,0,,2024-04-19 13:43:34,"Terima kasih masukannya! Kami sudah memperbaiki masalah ""Buku Kembali ke Halaman Awal Ketika Dibuka Kembali"" pada versi 7.0.1. Mohon update aplikasi ke versi terbaru untuk mendapatkan perbaikan. Info lebih lanjut hubungi kami di customercare@gramedia.id. Terima kasih atas kesabarannya dan dukungannya! 😁🚀",2024-04-29 02:49:56,
98a4dd99-0ae1-474a-895d-ce6ec3ceecf4,Rizky Firdaus,https://play-lh.googleusercontent.com/a-/ALV-UjXbR2SnZ_IdlYHkdO5W9FEEDOUMPwJMx9yKsArTfRmejI9juzUa,"Untuk update terbaru tampilan sudah sangat bagus, saya suka. Cuman ada satu kekurangan sekarang saat buka buku yang muncul selalu halaman pertama bukan halaman terakhir kita baca, ini agak repot untuk saya, semoga update berikutnya bisa di perbaiki.",5,60,7.0.0,2024-04-17 23:27:49,"Terima kasih masukannya! Kami sudah memperbaiki masalah ""Buku Kembali ke Halaman Awal Ketika Dibuka Kembali"" pada versi 7.0.1. Mohon update aplikasi ke versi terbaru untuk mendapatkan perbaikan. Info lebih lanjut hubungi kami di customercare@gramedia.id. Terima kasih atas kesabarannya dan dukungannya! 😁🚀",2024-04-29 03:01:03,7.0.0
76df7d4b-cf88-48e1-b4b4-db18a921f424,Desy Selviany,https://play-lh.googleusercontent.com/a-/ALV-UjVafih6MvKAJty3531I1m6tYOBO_PSiybuurZkyO6uxv2ZM39SI,Udah bagus lancar dibuka Mohon ada mode night dan zoom sekali klik seperti Ipusnas,5,6,7.0.0,2024-04-16 15:37:48,"Mohon maaf atas kendala yang Kak Desy alami, untuk kendala premium yang belum dapat diakses mohon kesediaannya menginformasikan akun gramedia digitalnya ke alamat email kami customercare@gramedia.com",2019-10-19 05:00:24,7.0.0
8a2d6ffc-c09b-435a-a150-3c136eb9e8ee,Lina Foenna,https://play-lh.googleusercontent.com/a/ACg8ocK7EEDarkXbvTS0lxhYCf1S855S0ORfiOBt8wi277E4woGGvA=mo,"Sebel, kecewa, mau marah. Langganan fiction premium, udah dibayar tapi ga masuk. Cari dan coba email customer care, untung skrg udah beres. Eh kok pas mulai baca buku, tulisannya kecil bgt, ada watermark akun email, ribet harus zoom. Kan jadi susah bacanya. Walopun udah langganan, tapi msh banyak novel fiksi yg harus bayar lagi kalo mau baca. Sungguh sebel, kecewa, mau marah :(",1,0,6.5.2,2024-04-14 03:25:08,,,6.5.2
2db27395-4f3c-4628-bb81-ba4741701af4,Reza Prawiratama Ramadhan,https://play-lh.googleusercontent.com/a-/ALV-UjX2_sMk_l4z_QR91-vJdXUGDGs9V7BuwZS8NJOu50m-Mt-Aj0HH,"udah mulai betah baca disini, ditunggu update darkmode nya 🙏🏻",4,2,6.5.2,2024-04-07 00:10:54,,,6.5.2
88b3d73c-9f58-4a70-bc9e-aec21a5bae32,Dwi Haryanti,https://play-lh.googleusercontent.com/a-/ALV-UjVwQEpkLVLLwjrgdE2AMD3wy9jF4uQa2J2sp5GcmbbbIhVCEu4afQ,Mantap aplikasinya. Sangat membantu. Bisa baca ebook sepuasnya dgn langganan bulanan. Cocok bgt buat bacaan semua segmen usia.,5,1,6.5.2,2024-04-04 09:07:54,,,6.5.2
de9039f9-6083-4b3c-a821-74813a067157,Galuh,https://play-lh.googleusercontent.com/a-/ALV-UjXSHnuI0WQAZyk8RdkyYZ6cM3MyX_EeYJZi_cvj1klrzIZasjc3,Can't login account. So sad 😢,1,0,6.5.2,2024-03-27 09:49:31,,,6.5.2
519b9601-6dd8-4e4c-bbb0-f0aca6bba6ce,Zain Halim,https://play-lh.googleusercontent.com/a/ACg8ocIH-KYm8888SfTfKtXKA7o_YXnKaZtw5hpdDh6l-XHOvjJExgE=mo,"Aplikasi nya bug, sudah bayar e-book nya tapi tidak masuk ke koleksi",1,0,6.5.2,2024-03-26 00:37:15,,,6.5.2
c4f0522b-8c09-4524-8678-ef397e08e5b4,Galih Kusuma,https://play-lh.googleusercontent.com/a-/ALV-UjUDvh1hduwuhUFgYyPIPBwh6BUx039VdGeumW8DNG994Gxm4VLx,"Mana ni ebuku yang saya beli, kok gk ada d kirim filenya??",1,0,6.5.2,2024-03-25 23:30:25,,,6.5.2
3580970f-6e21-4f2b-b496-b356ac033eed,Ajikus official,https://play-lh.googleusercontent.com/a-/ALV-UjVZA67mHXemKv_5Q9vZrbv3Ou2s5sogu2m2BbkPLKmVFNOpbf9l,Engga bisa beli buku digital,1,0,6.5.2,2024-03-24 22:51:11,,,6.5.2
111e2a93-208f-4968-9a8b-b814f9e19ac3,Farihan Rahmatullah,https://play-lh.googleusercontent.com/a/ACg8ocIHMEsNPIhWj6WnBvy6eKRoqGg9Bw-28tTtWieLQWjWoHRCJVUp=mo,"Min saya sudah ambil paket premium loh udh bayar pula kok belum aktif aktif,ini di bulan puasa loh jangan bikin emosi, seandainya nanti viral keluh resah kami bahaya buat brand Gramedia itu sendiri, untung masih blom viral",1,1,6.5.2,2024-03-24 05:46:03,,,6.5.2
7599705a-f7eb-4e7a-ab3c-557321ca94a8,Denise Fatthurrahman,https://play-lh.googleusercontent.com/a-/ALV-UjVyjWjqalQoLFWA9u3BkZ60vuYZNBXXze2EtOdwgTA4tiwyqZqD,"Tolong tingkatkan lagi aplikasi ini please, dengan adanya aplikasi ini orang"" akan banyak terbantu terima kasih.",5,0,6.5.2,2024-03-23 13:19:28,,,6.5.2
b65ae642-33df-403d-9ff5-cff5b2e34fb9,Arzal M. Zain,https://play-lh.googleusercontent.com/a-/ALV-UjWQXTcHhTXqM6jblByqa-ZrAunAKIVsAbCPn6QP6G6mmnGHWN7Wlw,"Minggu ini sudah 2 kali lakukan langganan. Tapi gopay nya kepotong, langganannya nggak aktif.",1,1,6.5.2,2024-03-21 14:57:47,,,6.5.2
5d1f0be5-fe33-4226-b2cd-e7aa51729e58,Fauzy Abdan,https://play-lh.googleusercontent.com/a-/ALV-UjVVISbjnNvhr8K5IfElKHIBI_wmjjbUrn7XvjRdfIuMOR1jyTH6,Sampah!,1,1,6.5.2,2024-03-21 11:51:50,,,6.5.2
f35cf38c-5931-4fa0-9a26-139bc74abccd,septa candra,https://play-lh.googleusercontent.com/a/ACg8ocID_ss5oy1I4hDsFGuw31IuiWoPRaeV1NiNT72XIGUgJSn3nA=mo,Kenapa bisa ada bug ya... Ini eror terus padahal jaringan saya baik baaik aja kakk,1,0,6.5.2,2024-03-21 10:11:33,,,6.5.2
afc80b2f-98b2-49f2-91e6-e46582db9e66,Lirta Pinem,https://play-lh.googleusercontent.com/a-/ALV-UjXZ77As50q_A83b3WJvRUb-MxVEiiC-TsxF7M_Hio94daNBDo3Y,"Saldo gopay udah kepotong, langganan premiumnya blm masuk. Hubungi CS via email udah, via wa ga direspon. Masih googling nomor telpnya blm dapat2. Seharusnya di aplikasinya sendiri ada pilihan utk langsung terhubung dengan customer care Gramedia digital. Susah amat",1,0,,2024-03-21 05:23:55,,,
edc7474e-94a7-434d-9cae-657dc328dea2,Linda Syavina Azzahra Salsabilla,https://play-lh.googleusercontent.com/a-/ALV-UjUFQvpEJOKfZgqWObqKV4PspBVY8O4EmTZxu6DBiZTO1hoUwpRY,"tolong dari kemaren gabisa bikin akun. padahal jaringan koneksi bagus, tapi disuruh periksa jaringan koneksi",2,0,6.5.2,2024-03-20 04:35:55,,,6.5.2
b18ae992-8527-404d-8e63-32790c3de74e,Shofi Nabeela,https://play-lh.googleusercontent.com/a/ACg8ocKxfXKPW-jNKbVHyGS7FwD2ZO46zGJQv3snGV4pLI4lKqHo2Q=mo,gk bisa dibuka,1,0,,2024-03-18 05:54:23,,,
ef5e48e0-fa03-4a68-9198-a44e31795307,Mohamad Triyanto,https://play-lh.googleusercontent.com/a/ACg8ocI9f1gXNzriiiCHPktICSgyV5-PjSYK5g0IU7ZBjZzr5lhOkQ=mo,Udah beli buku tapi malah nggak bisa di buka eror terus,1,0,6.5.2,2024-03-17 05:46:18,,,6.5.2
b57c8df1-18f1-4d76-b9bb-711f913bf5a0,Puguh Kalbuadi,https://play-lh.googleusercontent.com/a-/ALV-UjU5cWNr6eIGsoKVrbitjhtNUkgrM1d5Kj1-QyjNb4KqriYbFIc,"Akhir2 ini pembelian sering gagal, saldo terdebet namun download buku tidak bisa",2,2,6.5.2,2024-03-16 07:21:42,Terima kasih telah menjadi pelanggan setia Gramedia Digital dan untuk kedepan nya kami akan terus berupa agar Gramedia Digital lebih maksimal memberikan daftar ebook yang lebih banyak dan berkualitas. Happy reading :),2020-05-11 01:18:16,6.5.2
35d7b9d0-43b3-49cb-98c1-efe6e5e00ca5,Achmad Choirul M,https://play-lh.googleusercontent.com/a-/ALV-UjW2pby3agZNDhh7L_2ZOTlfPerOeq5a07-vVdoakXC35DsKWlUP,"sering beli ebook nya tpi habis beli gk bisa langsung masuk, harus dikonfirmasi ke CS nya dulu.!",2,0,6.5.2,2024-03-15 09:49:52,,,6.5.2
8e991b9b-1d17-4bc1-a95c-2b7afc5cffe2,budi kurnia,https://play-lh.googleusercontent.com/a-/ALV-UjUVBS6gmCa3a2ObiK5K5BuPuNN5EqtAvEhpk3oqZttpXDreFWW6,Good,5,0,6.5.2,2024-03-15 03:26:40,,,6.5.2
ecf1e960-63d5-448a-b250-d21efa4b3fae,Nur Iman Nugroho,https://play-lh.googleusercontent.com/a-/ALV-UjWuxt-BhmvTCGJCbgTPmO7YwYsKZzeZWDOxPDMo7NTkVaLne-jR,"Pelayanan admin cs mantab ,fast response. Sempat tdk terbaca langganan, padahal sudah bayar ,langsung diproses dan diaktifkan, terimakasih, jgn ragu pakai aplikasi ini",5,1,6.5.2,2024-03-12 09:26:25,,,6.5.2
1c7d9c46-2e9a-45a8-820a-cb999266d950,Dar Mawan,https://play-lh.googleusercontent.com/a-/ALV-UjWPR7A6xyLnD2fXJNlpfikLAucGYRXogTUyw5hD-Qux03wy75DZ,Saya beli buku sudah kepotong malah di suruh beli lagi tolong di perbaiki aplikasi nya,1,0,6.5.2,2024-03-12 02:42:30,,,6.5.2
d99c1b8c-2277-4740-9e60-6a3f84aae9fa,Aura KLA CH,https://play-lh.googleusercontent.com/a-/ALV-UjXqDij391sTZUrAKfFziekt4T7-dkYl0kf7s0TJYZ1Z7C9S7EA,"Ak awal liat di vt tiktok orng"" Baca novel online gitu dimana sihh, pas tau baca di app ini udah excited banget buat nyobain, apalagi banyak novel yg ak pengen bca tpi gk kesampean karena ortu yg ngelarang pergi ke gramedia buat bli😭 udah semangat bnget pas search buku yg ak pengen, eh, kok gada? Apa emang bukuny cuma ada yg bestseller atau msuk kategori rating tertinggi? Karna gbisa, ak coba cri tereliye bhkan gda😭 Tolong dong min lengkapin lgi bku""nyaa udh kemakan bnget sm kekecewaan ini😭",3,0,6.5.2,2024-03-11 06:01:57,,,6.5.2
2fa68069-7e22-4c78-b519-032e84d9ecf0,Ita Ita,https://play-lh.googleusercontent.com/a/ACg8ocIuPSOeZz4GFqZGw3Nia1wMev-5SeT24xsueA5oLxd96AMBwg=mo,"Saldo sudah dipotong tapi premiumnya tidak ada karena masalah internal server. Kontak customer servicenya tidak ada di aplikasinya sehingga harus dicari di luar aplikasi. Sudah dihubungi, tapi tetap tidak muncul premiumnya.",1,5,6.5.2,2024-03-10 21:46:50,,,6.5.2
163648af-c716-40b6-b8d4-38bd4e01a8ea,Anonym 611,https://play-lh.googleusercontent.com/a-/ALV-UjVwmFlZ2bfLjE5PapTWq6wms-V8s1YkWLDVul3aLUQF681gyz20dA,"Saya sudah ambil langganan full premium package sebulan, kok belum bisa aksesnya ya ? Mana saldoku udah kepotong lagi haduuuhhh😴😴",1,1,6.5.2,2024-03-10 15:06:25,,,6.5.2
5adb1c6c-08f4-4b92-8f3c-55cfbd0c16ec,Dandy D. Makkelo,https://play-lh.googleusercontent.com/a-/ALV-UjWBPkQBMqUX1BY2ZNCseBZ54N1vxAzw7mlmomxDwToEXiPMcJariA,Saya berlangganan full premium package tapi SMP skrg tdk terbaca di sistem.. Dan tidak ada menu keluhan diaplikasinya.. Bingung sebenarnya nyangkut dmana?? Akan sy perbaiki bintangnya jika telah berlangganan.. Oh iya krn non fiksi package g terbaca saya coba jg full premium package tp 22nya g kebaca.. Sy g tw salah dmana,1,8,6.5.2,2024-03-10 14:38:35,,,6.5.2
863f3039-be9d-4bc9-b9be-4efd41a4956e,hujan Ku,https://play-lh.googleusercontent.com/a/ACg8ocI8MP4vj7M1PGrD6ICgFGp9TOwIcNI0SHQLjDOrHvUbFsINKA=mo,"Tolong kembalikan uang saya, saya membeli dan sudah melakukan pembayaran tetapi ebook nya masih terkunci.",1,1,6.5.2,2024-03-07 13:02:55,,,6.5.2
5ea95c7b-97f5-4262-97e2-f3443b7c10ce,Umar Ismail,https://play-lh.googleusercontent.com/a-/ALV-UjVObh_dMaHVOpBlj2PoMCbASa3hzE2VpneN527gaCKiJVTLaFEy,"Saya udah beli buku rahasia wine yohan handoyo, tetapi setelah ganti hp dan saya Login lagi ternyata buku yang saya beli hilang tidak ada di koleksi saya .. di aplikasinya juga gak ada fitur chat atau cs yang bisa di hubungi",1,1,6.5.2,2024-03-06 15:16:10,,,6.5.2
8e4a0013-85b5-4dfa-8991-b7dbbc2dd44d,Jakun Nowo Wibowo,https://play-lh.googleusercontent.com/a-/ALV-UjWCvdkxDhmqg__S8oOkwCoBEaLqxzAzDbwHaBXsyZZj3hMhAz3t,"sudah beli paket non fiksi 49.000 pake gopay udah kepotong tapi pembayaran ga masuk, trus coba lagi pake saldo google play udah kepotong lagi dan tetep ga masuk pembayarannya, rugi banget",1,2,6.5.2,2024-03-06 14:49:01,,,6.5.2
815032c1-5612-44c8-a88e-774db8decce9,Achmad Ellisa,https://play-lh.googleusercontent.com/a-/ALV-UjXrwqAmNidIZIb6mFsHTAT4bjm4PbDKd0VSPjuyd91afdrWGAc,Saya sudah melakukan pembayaran tapi kok nggak ada bacaannya.,3,0,6.5.2,2024-03-06 12:50:43,,,6.5.2
ec769470-77f6-4ffc-9c0b-b4ab4ba2030a,Niyandrie Ann,https://play-lh.googleusercontent.com/a-/ALV-UjXzj-kxAhbLrwcMD7PchYJ5pNYJEsJ5hYMSjVQEnNMX5dAMFYE,Pelayanan bantuan costumer carenya cepat banget waktu saya ada kendala terkait pembayaran aplikasi. Harapannya semoga kedepan nanti aplikasi Gramedia Digital lebih baik lagi terutama difitur untuk membacanya (semoga bisa ada highlighter dan notes + dark mode),5,7,6.5.2,2024-03-06 11:15:18,,,6.5.2
569541b2-1348-4ce1-8d9e-07b5c9fdc453,Kris Tian,https://play-lh.googleusercontent.com/a/ACg8ocJlWPb_F8qNqP-6dCsghNlTYhfM7FJfgM0vl-f3JxuQcUvDXA=mo,"saya sudah membeli buku seharga 100rb dan transaksi berhasil, tapi status bukunya belum terbeli. padahal saldo dana udah berkurang sesuai harga bukunya. tolong di tindak lanjuti",1,1,6.5.2,2024-03-02 15:36:16,,,6.5.2
3a195ff7-29ac-420c-8e23-8a119bc6aa63,Ignatius Haryo Yudho Witjaksono (Haryo),https://play-lh.googleusercontent.com/a-/ALV-UjWPmfbsVYfSWBeihbIBv9S7VNgIvWG8Hmrn9Sem7YG9ORlFU407,"Udh bayar trus statusnya memproses mulu, itu kenapaaaaaaa",1,0,6.5.2,2024-03-02 12:04:34,,,6.5.2
cdbf1d6f-0bf4-4ad5-ab16-d7c449cd7692,Galun Eka Gemini,https://play-lh.googleusercontent.com/a-/ALV-UjVM6rE1aZZMQY6deMVb03hUPytbcIBu3Q9Nk85yVpSDDFuaPNg,"Semalam saya sudah berhasil melakukan pembayaran untuk berlangganan koran (Epaper) ""Pikiran Rakyat"" selama satu bulan ke depan. Celaka, sampe sekarang, belum bisa di download, apalagi dibuka. Parahnya lagi, masa, saya harus melakukan pembayaran untuk kedua kalinya. Saya amat terasa dirugikan. Kemana saya harus melaporkan masalah ini? MOHON DIPERBAIKI APLIKASINYA !",1,11,6.5.2,2024-03-01 00:17:46,,,6.5.2
94879b34-fd2e-4a44-b38c-606891b4c057,Ruby Nur Adilla,https://play-lh.googleusercontent.com/a/ACg8ocJMp-hVnb84-wjSXGGgAzUk3uD_LbWraOi_h6zrGJs7NzM1GA=mo,Saldo sudah terpotong tapi aplikasi tidak upgrade,1,0,6.5.2,2024-02-29 06:40:38,,,6.5.2
8115344c-bebc-423f-9f49-666c64df7fd8,Mutmainnah Aidin,https://play-lh.googleusercontent.com/a/ACg8ocIZKTP6hnYEvPGVeepNgO_s7PEpNAkdc8q4KM4VXI08FTozfw=mo,"Saat ini saya mengalami kendala terkait app gramedia digital Saya baru saja membeli buku dengan paket premium juga saya telah selesai melakukan pembayaran. Namun, hingga sekarang saya belum bisa mengakses buku di app gramedia digital sedangkan saldo di e-walet saya telah berkurang Mohon tanggapan secepatnya Terimakasih",1,5,6.5.2,2024-02-28 21:48:26,,,6.5.2
b76332c4-b03c-4d78-ac24-6b34f0809cab,Areta Difi,https://play-lh.googleusercontent.com/a-/ALV-UjXZf_m9QpSg6eMQ3A023auFJdOf6vlmkEyi9c12HOl3zbRn7bp3,Di awal saldo sudah terpotong tapi belum premium karena masalah server. Sudah hubungi customer care dan sudah aktif premiumnya Tapi mau download buku cuma bisa mencet tombol unduh dan ga ada kelanjutan apa-apa. Ga bisa di-download bukunya. Kecewa banget dan udah cape juga untuk laporan ke customer care,1,9,6.5.2,2024-02-28 21:18:16,,,6.5.2
52e757ba-b6ee-4750-98bb-a2cf89668960,Henry Tamaela,https://play-lh.googleusercontent.com/a-/ALV-UjW8qr6YShtfdrpULTk5OkLKKGwzOxYx8I7HKJ0vk2nFDyvtgvDM,3 kali pembelian buku pembayaran via google play dan sudah terbayar tetapi buku digital tidak dapat diperoleh.... Aplikasi ini payah dan merugikan,1,1,6.5.2,2024-02-28 05:25:14,,,6.5.2
02901a4a-ecfa-4175-a835-9f04ecf8c7e6,fahmi kahala,https://play-lh.googleusercontent.com/a-/ALV-UjX1CATF9PMM7hpSdfMVNwXFb6oLSmkGtNJetkf3FfXkvrIZ9qg,Sudah 2 kali bayar. Tapi bukunya masih transaksi tertunda terus,2,0,6.5.2,2024-02-27 13:24:52,,,6.5.2
3550fbdb-8451-4edc-8a93-830f2f378d65,Dedi Wibowo,https://play-lh.googleusercontent.com/a-/ALV-UjU7U-dmvcHbIeoBm3ZsPpe3QeKAelfqMHeLhFl-HacYBjZFQFnC,"ini udah bayar beli buku, tapi tampilannya nggak bisa dizoom... ngawur deh, padahal ini buku akademis yang saya beli... nyesel deh",2,3,6.5.2,2024-02-27 05:07:48,,,6.5.2
2c5e19b8-3edf-469e-a1ee-b3434b795eae,Bunda Nafazayans,https://play-lh.googleusercontent.com/a-/ALV-UjVnJYzH4P8UsX1PWM6tuVtstx9GWFqyfPA82JCyhKO2fIEj0tDU,"Nyesel banget setelah Update...Malah susah banget bacanya.. Saya pakai HP, saya baca mode landscape malah harus zoom juga, untuk ganti halaman harus zoom out lagi, baru bisa geser..",1,3,6.5.2,2024-02-26 22:58:33,,,6.5.2
b2aadf04-8293-464d-af3d-a753d55f2335,GINA NOOR HABIBAH,https://play-lh.googleusercontent.com/a-/ALV-UjUnaaTo86OGVRp2r4ybTiFnVTrghXnNMyy_W8CgJtF-pP2SRByS,"udah payment tp g ada progress, g ada fitur cs d aplikasi, komplen k IG g d respon, duit melayang",1,0,6.5.2,2024-02-26 04:51:57,,,6.5.2
b884e3de-eadd-4d3d-ace6-de70f7343719,Meidrik Ousama Binladen,https://play-lh.googleusercontent.com/a-/ALV-UjVTbAX71j-JBOQsgaqxZoJeyyq-OMs9J8l-pxWeE0yE7r5GaaZ-,"Overall cukup bagus, cuma mungkin kalo bisa ditingkatkan sih tambah fitur animasi lagi pas open page, atau bisa di tambah sound, dan juga dark mode mungkin bisa jadi peningkatan yang lebih baik.",5,2,6.5.2,2024-02-25 16:46:40,,,6.5.2
3d164fa2-9e00-43be-a3d9-ee06b821c53a,Pandu Adi Cakranegara,https://play-lh.googleusercontent.com/a-/ALV-UjWjviqtfTk3dzEtTJnYfZy_-kIbLdD3I9pNf_Y4qMJ4EXoxxXXx,Beli tapi buku tidak bisa diunduh,1,0,6.5.2,2024-02-25 14:59:14,,,6.5.2
6a4f426e-2adc-4682-a63f-266035281e37,Pretty Cute,https://play-lh.googleusercontent.com/a/ACg8ocIhJRsXJrWRkFnIPrPrT9VUHrcBeeIwUY8hIeE-AoDwzFgRWg=mo,"Udh beli tp loading lama, gabisa dibaca payah, untung coba dlu, yg murah belinya",1,1,,2024-02-21 15:03:43,,,
cde5234e-a65b-4179-8184-4d129223356e,Evan Farambos,https://play-lh.googleusercontent.com/a-/ALV-UjXfChNlpQP35Z33wcm3NDO6WPIZ0ow3uVJS_a9renscUhzeD_dVTA,"saya udah langganan, dan udah bayar tapi di aplikasi tidak berlangganan",1,0,6.5.2,2024-02-21 05:45:21,,,6.5.2
e8928c12-eb41-4a1c-8e7b-2e35c2359871,Jodi Afila Ryandra,https://play-lh.googleusercontent.com/a-/ALV-UjX2307De-D9PbPHvqr-JkN3Fi5THWvSk_9VKhcC4ZhMHaASTqe8,Payah pelayanannya.. sudah komplain via instagram namun tidak direspon.. kapok pake app ini,1,1,6.5.2,2024-02-18 12:40:01,,,6.5.2
79d6202d-749a-4557-aeb4-936f180452bf,nicky sitio,https://play-lh.googleusercontent.com/a-/ALV-UjWuAWazYliy1uMYTce6NNcJbPrDLkzjsystLfHVkr9MAc8ItTqu,"sudah di bayar tapi ebook nya gak ada,,gimna minnn!!!!???",1,0,6.5.2,2024-02-18 03:15:48,,,6.5.2
17e8e992-50f8-4fef-9ce8-733664d819dc,Bq. Indah Fitrianingsih,https://play-lh.googleusercontent.com/a-/ALV-UjXWH28Jx5t2sYSnhEbzqYb-M2lJm-um0X93bjobgXwYtj064SM,"Sudah beli ebook, tidak bisa didownload. Uang hangus..",1,0,6.5.2,2024-02-17 11:07:07,,,6.5.2
47922435-e666-469d-8880-0cb66bdfc599,Nahar Rasjidi,https://play-lh.googleusercontent.com/a/ACg8ocKwKVgsffeAHKWZE6X9cgVPbEfvydtMuX4rKnisHTG9eTqrGA=mo,Ini pembayarannya yang benar bagaimana sih?,2,0,6.5.2,2024-02-17 06:58:51,,,6.5.2
db210ff0-a302-4593-9a8d-55fe4459bdca,Hasan Hasan,https://play-lh.googleusercontent.com/a-/ALV-UjVsP27y4sXXQdm4SpXosyAnjC5bW0z1caYKoJTB5WPyYpB1fqE,"Penipu,beli d aplikasi saldo kepotong engga msk ebooke?",1,0,6.5.2,2024-02-15 09:13:47,,,6.5.2
4530de55-7f9b-4034-bf46-bc73fc5eccce,December On The Way,https://play-lh.googleusercontent.com/a-/ALV-UjVAdnemShZ_VAoRN_36gF3Cy-pJPgC-zzQ3aZt5eG0RYdNd9JI,Saya sudah melakukan pembayaran untuk full package.. tapi kok tetap tidak bisa baca ya? Mohon bantuannya😭,3,0,6.5.2,2024-02-15 02:28:47,,,6.5.2
67409bde-4cd8-44c7-a1c4-fb6d4ef4fc3c,Anggun Mita,https://play-lh.googleusercontent.com/a-/ALV-UjUqaM6aGkzxe3lX0kF0PBunMCKK5T3JBLrxCFubYugbU-7nBSXt,Sempet bayar premium tapi ga terupdate di aplikasinya sampe 3 hari. Ahirnya dm gramedia digital via instagram dan terupdate premium. Tapi tetep gabisa buka / unduh untuk baca bukunya. Wkwkkwkw kocak,1,3,6.5.2,2024-02-13 08:30:57,,,6.5.2
54bd10f0-4c0e-4a1f-a46a-58c876904af9,Nurul Hidayanti,https://play-lh.googleusercontent.com/a-/ALV-UjWdvUwpMiyBWqAoRffNJ_SsbhwfSBUem1I55wPKvfLoFIrb1l0g,Sangat buruk udah pembelian buku saldo sudah terpotobg tapo internal server gramedia error jadi buku tidak muncul,1,2,6.5.2,2024-02-12 23:12:36,,,6.5.2
5cb8b0e0-2d49-4a27-bdad-911156125cc7,ariesy and tales,https://play-lh.googleusercontent.com/a-/ALV-UjWgVFShI8zHXLo-BupxZ6FGvC1q336oARaT35auXYlm_ShTVNM,"Halo, ini uang saya udah kepotong tapi kok paket fiction premiumnya belum aktif? Akan saya naikkan ratingnya apabila paket saya sudah aktif ya.",1,0,6.5.2,2024-02-11 00:17:57,,,6.5.2
0f61dfad-e560-4e30-94d1-780d8f81477a,visit. rul,https://play-lh.googleusercontent.com/a-/ALV-UjUU6LjgjEOATVHqWeDTKLEwYtdCircmkOFePEVGVP0DhbaFzcVO,"Wah gila lu, gw udah bayar buku nya belum ke beli",1,0,6.5.2,2024-02-10 10:50:07,,,6.5.2
497da4d1-a813-4a4c-ab8e-3e868597c9ca,S,https://play-lh.googleusercontent.com/a-/ALV-UjVvKI1JrVRbAeBre4_Y4FEu12Ozso7AKzNfZB001x5U_-chUal7,"Hai gramedia digital tim, ini yakin tidak mau memperbaik diri?, dlu sebelum dibeli gramedia sumpah mudah banget beli buku, sekrng sulit banget harus komfirmasi ini itu, terus prosesnya duh lama banget,dlu sering banget beli buku digital sekrng mau menikmati buku jadi kesel sendiri, mau kasih masukan untuk develop timnya jika memang tdk mampu bisa dialihkan saja dengan perusahaan digital yang lebih mumpuni sayang banget soalnya sudah sejauh ini",1,1,6.5.2,2024-02-08 12:47:08,,,6.5.2
8673a517-02d2-4b82-b511-a74806f8899c,putra sabila,https://play-lh.googleusercontent.com/a/ACg8ocKXstEL-s2GY8y0X3dqqSzRzWRXnTn5jTHTooDWzXFuwTHhWL8=mo,"Paraahh bgt, pembayaran sudah sukses tapi buku yg kubeli gamuncul dikoleksi. Min tolong diproses.",1,0,,2024-02-06 12:19:40,,,
3e394d02-96f1-4084-8e00-d04c7bfb9099,Fadillah Nugroho,https://play-lh.googleusercontent.com/a-/ALV-UjVQ2K1uHerMidkxjfJ-AxmXYpCFp83lWhzGACaEk_R1ZANg_c82,"Buku lengkap, tapi tolong tambahkan fitur highlight text. Kalau ada itu, fix bakalan beli buku di sini terus",4,0,6.5.2,2024-02-04 17:49:37,,,6.5.2
3c1982a3-fa20-49df-bb19-8635152375d2,Tia Dj,https://play-lh.googleusercontent.com/a-/ALV-UjW2EfOKb5edmx4kfaYXNKSnjP-Ocdt03JGG69FK9Ic9kXIRo_sG,"Aplikasinya jujur, jelek sih. Ngga ada kategori buku, ngga ada filter buku, baik misalnya sesuai abjad, judul atau pengarang. Terus buku2nya ngga update terutama untuk novel misal novel ika natassa, novel harry potter. Terus kalau pun ada mau baca novel terbaru harus beli, sekali pun beli paket full premium, keliatan ga mau ruginya. Buat yang mau baca buku-buku lama , silahkan dowload ipusnas aja. Jangan download app ini, kecuali kalau mau baca buku lama.",1,1,6.5.2,2024-02-04 12:52:38,,,6.5.2
84be6a7a-fd4f-4e63-925d-54088e05eae5,William Karyadi Johan,https://play-lh.googleusercontent.com/a-/ALV-UjUhB3gXtR5Urss00lvz7o2UTrXjFTslrY0WBVGNdyTEm9h4WWFX,Halo min permisi saya sudah melakukan pembayaran tapi eror hasil paymentnya & uang saya tidak kembali padahal tidak ada ebook yg saya dapatkan. Mohon bantuannya min 🙏🏼 terimakasih,1,0,6.5.2,2024-02-01 18:36:30,,,6.5.2
78251f51-cef6-46c5-a7ad-c1ec634eadae,Adzra fayla,https://play-lh.googleusercontent.com/a-/ALV-UjVy3CyWA3fnWSxn6q2ZZHFWAhpo7Yj_f7P27SE_b9agu7Wfg3U,"sekarang di update lagi? bulan lalu ngga kaya gini, yang ini jadi bingung. nyari judul buku ""Pukul setengah lima"" gaada. enakan yanh dulu, nyari langsung ada.",2,1,,2024-02-01 06:35:59,,,
7b9b300e-231e-4883-9832-2acc5ea6e7f7,Oneng,https://play-lh.googleusercontent.com/a-/ALV-UjVXQndEnQxQWXmXk2JPYjIQ7stxT-d_NY3-jsIYrTT5TPfkqcyWBA,semoga bisa ada format epub-nya biar nyaman menggunakan app-nya di handphone,3,0,6.5.2,2024-01-31 07:13:08,,,6.5.2
6080e45f-ece9-4f86-aa87-910003738bc3,oktavia swanita,https://play-lh.googleusercontent.com/a-/ALV-UjUqGJqZDeD6p4xlTBL1W0bntvyws-MTDsv3ylpOttS33ld5ab0,"Transaksi dinyatakan berhasil, uang sudah terpotong tapi setelah di cek lagi status bukunya menunggu pembayaran. Udh login ulang masih sama",1,3,6.5.2,2024-01-30 15:34:50,,,6.5.2
8d99ed39-296e-430a-b333-c633d734e4c2,cindy pangestika,https://play-lh.googleusercontent.com/a/ACg8ocLqzckPYFSw0g8M9vzgM64030k9iyjFTeCDzNwA2bLWI9IKNKw=mo,"Sudah langganan ndak bisa digunakan. Parah, jelek banget ya. Niat mau dapat informasi sudah bayar mahal malahan duit hangus gitu aja",1,0,6.5.2,2024-01-30 07:34:12,,,6.5.2
25ee483d-1082-41bb-88f3-13b662a4f104,Aulia A,https://play-lh.googleusercontent.com/a/ACg8ocKvS9tuY_aKjDjfKmk3hcj2VeVESZZE3wGxKuG2Nkyq6OVsgA=mo,"Kok aku beli majalah gak bisa di akses sih? Dibilangnya menunggu pembayaran, padahal jelas2 aku sudah dapat tanda terima nya dari google play",2,0,6.5.2,2024-01-29 18:15:58,,,6.5.2
d1c820d9-03a7-47c0-b670-eb1592ff6f32,Ang Siek Young,https://play-lh.googleusercontent.com/a/ACg8ocItM1QxwZ6CSxrp41CyA8Q21lUhmuF4bCN3PNc2Do-ZF5d7nw=mo,"Saya membeli 2 judul buku dan pembayaran berhasil, tetapi bukunya tidak ada di koleksi saya dan akhirnya tidak dapat di baca",1,0,6.5.2,2024-01-29 11:25:39,,,6.5.2
97fae8a7-ef72-43f1-98a0-02f0f6007cfc,Cahyadi Nugroho,https://play-lh.googleusercontent.com/a-/ALV-UjXetZ0zzvMrv3podCgq9eIPwhEFlHEPmljsD_SQz_jYJ4NKykNQmA,Tidak memuaskan,3,0,6.5.2,2024-01-29 01:54:37,,,6.5.2
656da618-5e90-4db4-914d-946814d92d6d,Layta Dinira,https://play-lh.googleusercontent.com/a-/ALV-UjVz-9ygBGSsM2y9H7jJTRuD8JwLJxgDjthZYr3ugoM5ew4Z31fA,"Saldo sudah terpotong, barang belum masuk. Karena proses terlalu lama, jatuhnya seperti beli awal lagi, tapi dana awal yang sudah terpotong tidak kembali.",1,1,6.5.2,2024-01-27 06:03:57,,,6.5.2
847295d6-8645-49a0-92e5-092cf16aa97f,Irviana Finanda,https://play-lh.googleusercontent.com/a/ACg8ocJW9YtPL0Y5IFP5ieTAs7Qo8G9QBQGnKhuN8MOBjnoyI97spA=mo,"Saya sudah melakukan pembayaran tapi buku yang saya beli tidak bisa di unduh nya, keterangan proses terus padahal biasa nya tidak seperti ini loohhh",2,0,6.5.2,2024-01-26 04:22:24,,,6.5.2
a1e516d5-b2c4-43a0-9930-8028126dedcc,3PA04_Nasrul Noer Hidayat,https://play-lh.googleusercontent.com/a-/ALV-UjXjgAasCY8HX80bqlrNWK_-KgR0q229gmr8s4iCaVFzU-xeqk0q,Tidak nyaman tampilannya,1,0,6.5.2,2024-01-26 00:11:53,,,6.5.2
2196fb52-f097-4120-9d18-a4927d118e9d,Jey Tallo,https://play-lh.googleusercontent.com/a-/ALV-UjUcoQLF8PCotTkSW7qhxLPR6yRPOCgKNXuM0-2aqeg7Pxp4FbOizA,"Sudah 2 kali membeli buku, uangnya hilang bukunya tidak di dapat",3,1,6.5.2,2024-01-25 22:31:49,,,6.5.2
cf675136-b001-4ddf-9380-ed6d782370dd,Jey Tallo,https://play-lh.googleusercontent.com/a/ACg8ocJygqVRTyRY8rT61EC1a6mLgqB3kBL4qtaHzM1139e_U-eu1g=mo,"Gimana si, Uda coba dua kali beli buku gagal terus. Uangnya hilang bukunya gak di dapat 😭. Entah kenapa, perasaan waktu awal pake gak gini amat",3,0,,2024-01-25 22:06:21,,,
f5306aa7-59d7-4b96-a14d-015de3454e34,Zainal Muttaqin,https://play-lh.googleusercontent.com/a-/ALV-UjU_ROQGbJnScdHPdQY83wh0qXqTuxuaEuhAhXI2czZKnTAETZMN6A,Sudah purchase pake credit card tp ga bisa akses. Mau tanya gatau dimana. Bukunya gabisa dibuka padahal pembayaran sudah berhasil dan saldo saya sudah terpotong. Gimana ni?,1,2,6.5.2,2024-01-24 07:07:18,,,6.5.2
d11c8f57-c7c2-481d-b9b0-73c0b06ef1c2,Bellvania Callie,https://play-lh.googleusercontent.com/a/ACg8ocK6_XlET7feGezw-UITamuQgeY5FKczl5DVtXmelBKanHShug=mo,Buku hampir lengkap.Hanya saja ada beberapa buku yang tidak ada,4,0,6.5.2,2024-01-23 21:53:31,,,6.5.2
1a6bd3ff-0f76-4a69-bf74-78a37c35e79a,Ahsanul Hilal,https://play-lh.googleusercontent.com/a-/ALV-UjWrNT3RgMh5liND769QjK7R6J87srmFDlwDJoKCrYh5y5UkeUO9,"Turun bintang. Gue make GD bacanya lewat HP dan sekarang tampilannya malah sulit untuk dibaca, perlu di-zoom, dan setelah di-zoom harus diperkecil lagi soalnya nggak bisa swap halaman selanjutnya kalo nggak diperkecil terlebih dulu. Capek jadinya. Tolong kembalikan ke temapilan sebelumnya.",5,86,6.5.2,2024-01-19 14:37:57,,,6.5.2
6a182765-4e58-4a60-8674-6ae0b4d2acca,Sobat iwak,https://play-lh.googleusercontent.com/a-/ALV-UjW7fq-eIKV-ZRbdcbwRk9iL1ITlJT2eUIwzGm3puYbItHGSyR8,"Aku udh beli paket premium tapi masih blom bisa baca buku, beneran ngak jelas ne Gramedia mending ku pake beli buku offline aja, klw bisa kasih bintang 0 ku kasih ke aplikasi lu nol",1,0,6.5.2,2023-12-26 12:49:04,,,6.5.2
5137b6e2-1003-4df5-b470-75c6bae3c3b7,Hanafi Mhmmd,https://play-lh.googleusercontent.com/a-/ALV-UjVL3rFEwq1kLOMBeor6tIUvmPHxBcMtV0jUT_mnlJZiofYIjB7a,"Min perbaikin lagi dong, nge lagnya lama, gak ada fitur scrolling kaya ipusnas. Harusnya bisa dong nyaingin ipusnas dalam hal memberikan kenyamanan.",3,0,6.5.2,2023-12-22 06:00:20,,,6.5.2
04678bef-6cfe-4ce0-a805-f0d3930a78d1,Atta Ulq,https://play-lh.googleusercontent.com/a-/ALV-UjUqKQg9yChcXHs7xmcTpxfDHAmWgIm38guqWbifP28VyDAK8XdS,"Hati-hati membeli paket di toko ini, saya sudah terjebak membeli paket premium dengan harapan bisa akses semua buku ternyata hanya dan dibatasi beberapa buku saja yang tidak ada informasi apapun terkait hal ini di halaman websitenya. Hati-hati bagi yang mau berlangganan.",1,1,6.5.2,2023-12-15 06:50:25,,,6.5.2
ab4f9013-f9f0-4613-8ef8-d7e404d201bd,Rayi Anand,https://play-lh.googleusercontent.com/a-/ALV-UjVPEQv84kN3jHEQsbqzKzJNSU4w1LTOIvbhMTg-1nmVjLswZchc,"Kirain harganya lebih murah dr buku fisik 😂 malah sama aja bahkan ada yg lebih mahal, balik ke marketplace online legal bnyk diskon.",1,1,6.5.2,2023-12-03 11:05:49,,,6.5.2
3256f028-06e7-4479-b63d-33cae505ee5d,Anselmus Pandapotan,https://play-lh.googleusercontent.com/a/ACg8ocKvw5licift5Qc-5pT7O1IIBSr1UmQCTSrew9ziiCxT5cEw6w=mo,"Aplikasi sangat bermanfaat, membaca jadi bisa dimanapun dan kapanpun. Terima kasih Gramedia",5,2,6.5.2,2023-12-01 03:36:32,,,6.5.2
9aff9608-b986-4f7b-b0f4-9bdd22d86dca,Andre Rachman,https://play-lh.googleusercontent.com/a-/ALV-UjVQdd-As-Mb9H6yRvuWjTGVwP1Ab3Y6vG2EMD4W68vtgNA2U_TE,"berbayar untuk seluruh terbitan kompas penerbit buku, padahal sudah ambil premium package",1,0,6.5.2,2023-11-28 10:02:48,,,6.5.2
9039195e-b03a-4633-8768-3af228a2f80b,Azka Adriansyah,https://play-lh.googleusercontent.com/a-/ALV-UjVv7us9hQ_nuo1AJBMAUO4iXDAKPc-tGEXns3ByvBiNx5KptDNR,Jelek ada watermark di ebooknya,1,2,6.5.2,2023-11-28 08:27:11,,,6.5.2
823b31d8-2a5a-414b-b992-4201b1abd654,Shafira Suci Ramadhani,https://play-lh.googleusercontent.com/a-/ALV-UjXOh99gPa7RzUuQ33EX0bwWB4oB6EaGLkWiAiG9VAda3uYsOBG6,"huff, agak bikin bingung yah awal² mau verifikasi akun, untung bisa terverifikasi akunnya. ternyata harus pakai web, kayak chrome. kalau dari emailnya langsung ga bisa.",4,0,6.5.2,2023-11-26 15:00:08,,,6.5.2
e2ae8e98-e09e-4e9b-8107-501affee5ffd,Lovely Ivanka,https://play-lh.googleusercontent.com/a-/ALV-UjXBgOueOuAgeu3ubxY1Al76RPU-o3IsKqxsWSsPTob1iRQF6BVy,Omg,5,0,,2023-11-26 04:55:56,,,
5f362d18-f25b-471a-b1dc-a8c468b9dd5e,Pajar Suryanto,https://play-lh.googleusercontent.com/a-/ALV-UjXt0R2hSNRDbxogRLGgT_tnOuo5f_ns3Cq0LlbEB7KsJgeRA-R9cA,Love this! ❤️❤️,5,0,6.5.2,2023-11-23 13:32:57,,,6.5.2
f8782397-b2ff-4787-be14-77be6d8f663c,Yulia Azizah,https://play-lh.googleusercontent.com/a-/ALV-UjXKTQM3t45rO8gdVikrVcr-6vgnYSh-VSGAiNF613MhicSCdAEH,Sangat KEREENNNNN!!,5,0,,2023-11-10 11:04:55,,,
a15a75df-81ce-4083-8566-e7f36ba5126c,bulan 777,https://play-lh.googleusercontent.com/a/ACg8ocKRs_OJ6nBthXVdQCBNY-l176toka2CsIMj9KPnjnRulD4M-To=mo,"Saya sudah beli paket kids, tp kenapa tdk bisa saya klik, gak tahu harus komplainnya kemana,tidak disediakan fitur Parah bnget gramedia,padahal sudah bayar dan aktif tp gak bisa digunakan Lalu harus bagaimana ???",1,0,,2023-11-09 04:48:02,,,
b63c865a-b8b8-4638-ab9e-dee514217776,Yusuf Herman,https://play-lh.googleusercontent.com/a-/ALV-UjXjZ3h6hXz4Bd1la0kA6PDYjfpWHEMbpZwgSI8W-9tAsn0nHrb8kA,"Saya sudah bayar kok masih waiting payment, yahh",3,1,6.5.2,2023-11-06 19:13:52,,,6.5.2
aa15add7-26f7-47ef-8420-58964ddf32b3,Curie Loho,https://play-lh.googleusercontent.com/a-/ALV-UjXYVyB1fSlv8_ExXVTnTIN4t6CT7qbppQ06fQz8je6m7hd9itw,"Saya sudah bayar dan terpotong lewat akun billing google tapi di aplikasi tidak aktif dan tidak tau bagaimana cara untuk komplain. Sudah bayar dan terpotong tapi kenapa tidak aktif dan dari pihak gramedia tidak menyertakan cara untuk menghubungi, email yang disertakan setelah dikirimi balasannya email dalam kondisi full.",1,9,6.5.2,2023-11-05 05:49:14,,,6.5.2
3cc95262-0517-4c3b-b1ad-a9db35f32abc,ahmad ahmad,https://play-lh.googleusercontent.com/a-/ALV-UjViumJcCOqOgbbS_M0ewzWnX6UPHp3GsbtVc_7sYp7vli-92zI,"Tampilan sulit buat di baca di hp, kalo bisa tiru googlebook, atau minimal apk pdf yg mumpuni lah, beserta fiturnya, jangan kayak tampilan penampil pdf tahun web, kembangin lah UI design apk nya.",2,1,6.5.2,2023-11-02 17:19:35,,,6.5.2
84a14c08-16e3-4fd1-8cb9-4e0dd0299b21,Nadila Adha Syahputri,https://play-lh.googleusercontent.com/a-/ALV-UjWuqSTOK5T1pGc11H9j_vsEcE0ImKd8Ya3pMQv9bHxSUPmL-f8A,Beli buku uda bayar saldo saya uda terpotong tapi pembayaran gagal gimana sih,1,0,6.5.2,2023-10-26 08:02:17,,,6.5.2
2ee9dec9-d55a-4a37-9481-4b2db2bc1d7f,Nur Samsul H,https://play-lh.googleusercontent.com/a-/ALV-UjX-5ipeTJ6FM5qrB0vZM2CerXwZb_AdAVphthQ06E_szjuk6TTe,Nggak Rekomend. Saya beli ebook ngga bisa di unduh. Rugi lah pokoknya,1,0,6.5.2,2023-10-25 05:47:15,,,6.5.2
16a1a6d3-bd9d-42e2-8f5f-8a7cd89c9843,Karimaah,https://play-lh.googleusercontent.com/a/ACg8ocIH3pJJa79BCrtFrIP-almVZocsY-NpedPia_EwnrCTm7d5YuC9=mo,"sedih gak bia pake fitur gelap, dan juga buat atur besar-kecil tulisan maupun highlight. seharusnya ada gak sih buat memudahkan pembaca?",3,1,6.5.2,2023-10-20 12:39:52,,,6.5.2
d8888f04-a1bf-4699-8df8-df0b45da8d34,Achmad Adnan,https://play-lh.googleusercontent.com/a-/ALV-UjXfsjx-ngUitmCdIR4pgSqlZnlTke7uRriipzipB1uFcAM2focL,"gabisa dibuka di laptop? sayang banget kalo yang lagi cari referensi dan ribet harus buka hp buka laptop gabisa efisien jadinya. Ga ada fitur untuk lompat halaman atau ""click"" sub bab yang kita mau baca dan langsung ke halaman itu tapi malah harus scroll cari-cari dan ribet. Sistem kan dibuat untuk mempermudah kenapa ini malah makin sulit? yok bisa yok gramed, jangan sampe udah beli mahal-mahal malah ga dibuat nyaman dan pembeli lebih milih buku bajakan, kan sayang juga. mangat gramed:)",1,84,6.5.2,2023-10-07 09:38:46,,,6.5.2
9d1a5372-8fa4-4033-a1ad-3d9c38a7e3ce,suharti subhan,https://play-lh.googleusercontent.com/a-/ALV-UjW0FvyWb-yjPCEezaStlkt52HjWSFGXnMAoO4W-HlcW_OTe039G,Ok,5,0,6.5.2,2023-10-02 00:14:56,,,6.5.2
9ad1eece-b7e8-4880-915f-449d86822e11,Vita Ayyu,https://play-lh.googleusercontent.com/a/ACg8ocJ82FeL2bf25kqutyM1Z-NzXs3BHeor2kORsNdtawdsKYeWtg=mo,"Terima kasih Bu Nina, berkat email ibu, nina(at)gramediapustakautama.id, karya putri saya terbit di genre teenlit. Thanks bu",4,1,6.5.2,2023-09-29 14:30:31,,,6.5.2
e07b216a-90f3-4a2a-bbfc-c2dfdeb19f1b,Ocky Chandra Syaifulloh,https://play-lh.googleusercontent.com/a-/ALV-UjVp8lzrH56Wj6a0dobvvY1yv2AE8AXyr3jP2ivtErzKNprWgQ4,Epub tidak bida di download file pdf,1,0,6.5.2,2023-09-28 17:33:56,,,6.5.2
231fc617-c9f1-404a-876e-548032669dda,Muhammad Taufiq,https://play-lh.googleusercontent.com/a/ACg8ocJOLGNPk1UmrfdNeCEKup99HxciimesZymoSeNQtVxKEofeHg=mo,Sangat Membantu Pendidikan saya,5,0,6.5.2,2023-09-26 13:17:26,,,6.5.2
4242ec78-a592-4a77-b7d6-26baa267f7e4,purwadi erl,https://play-lh.googleusercontent.com/a-/ALV-UjVu3Piee6EzpBTL0XhZrvTggPErfUDObetn3XbQ_TrNOoZEHpQr,saya beli majalah sdh bayar...gmn cara bukanya...,1,0,6.5.2,2023-09-22 07:32:48,,,6.5.2
c87cf3c7-a8c3-4406-aa86-68c0224e28a5,Ale Ku,https://play-lh.googleusercontent.com/a/ACg8ocL-GeD7xcmc30Jn97HCSIkF1YXI8q_V6jUdNOUnAyM1GSyj1A=mo,"Andai aplikasinya bisa menyesuaikan otomatis besar tulisan seperti file pdf, saya yakin semakin banyak user yg langganan. Kalau sekarang untuk hp 6 inch sangat repot bolak balik ngezoom bukunya buat baca lalu kecilinlagi buat pindah halaman trus zoom lg gitu aja trus",5,4,,2023-09-22 04:18:25,,,
13da5dd9-c3c8-44fb-9a9f-ec88efb2bb3e,yahya putra,https://play-lh.googleusercontent.com/a-/ALV-UjVl_Ra-IA3HMwIB41ljzjUuYX-E_ZUsikoY7FyU1E3jLm4GakU,"Saya beli buku gas dan termodinamika karangan rusman tapi tidak bisa dibaca, tolong gramedia perbaiki, hurufnya kok simbol semua, namanya penipuan ini",1,0,6.5.2,2023-09-21 13:46:25,,,6.5.2
3ffccea4-9137-491e-bdfd-20fddb2b775f,Rain,https://play-lh.googleusercontent.com/a-/ALV-UjXVYGc1XFQVEdHrz8774-w5-QmJc9wIBOYi4mq6zxNtVIIF_B8x,Gak lengkap+berbayar gak heran banyak orang beli buku bajakan,1,1,6.5.2,2023-09-21 13:01:54,,,6.5.2
a7a1d9da-e562-47d7-b441-e59a0de3d8b8,SAE Full,https://play-lh.googleusercontent.com/a-/ALV-UjWYscY5xcBUjEeSMcvMeGpm7iIBPK9tSaQwH6taSlv04ukG7Mw,"Lumayan membantu, sedikit masukan di koleksiku, adakan fitur ""urut berdasarkan."" Jadi kita bisa milih berdasarkan buku terakhir dibaca? Berdasarkan pertama di dowload, terakhir di download atau lainnya. Kedua beli yg full package tetep d beberapa buku yg harus beli dengan harga khusus... Kirain sudah full package sudah bisa download semua. Overall bisa nambahin bacaan tanpa harus bawa buku tebal kemana mana... Siph",5,0,6.5.2,2023-09-17 07:03:55,,,6.5.2
bdd191a5-b5ac-4ade-abed-50742c0f56f4,Aripambudi Aripambudi,https://play-lh.googleusercontent.com/a-/ALV-UjVhrW0azcP2taa0cd_0AGEVWxwvj6b1_RvF-22n41MU3E0O5Bqa,Ok,5,0,4.2.11,2023-09-14 16:46:25,,,4.2.11
982f1329-a83f-4b5d-a720-8b19dcdb1645,Daulat Banjarnahor,https://play-lh.googleusercontent.com/a/ACg8ocJcple2RJCyoC1gyC6-KeErGRhXx_8b0HWmN_q1vPCyNFZIOQ=mo,Ebook sudah dibeli dan tidak bisa diunduh. Harus dibaca di aplikasi. Sangat tidak efisien bagi saya seorang dosen yang butuh buku PDF untuk memudahkan dalam membuat bahan ajar. Tinggal copy paste ke power point. Tolong dibantu untuk saya dapat unduh buku yang sudah saya bayar. Kalau tidak saya tobat beli buku di Gramedia Digital. Sangat tidak saya rekomendasikan,1,3,6.5.2,2023-09-10 14:30:03,,,6.5.2
57115e8a-ede8-4b1b-a627-0a4c1ee516a4,Reza Melba,https://play-lh.googleusercontent.com/a-/ALV-UjWiFIrpmU-LxcUO-GXFGcvWBvcME5t6pheUYQTxcblpOXxpb9rZ,"Bertahun-tahun pakai, skrg jadi lemot banget. Untuk buka buku bahkan hanya sekedar untuk pindah halaman butuh waktu lama",2,0,6.5.2,2023-09-10 10:54:27,,,6.5.2
fd88e8e6-7735-4412-bc0e-5dbdf9a9e3d0,Royke Tumbelaka,https://play-lh.googleusercontent.com/a-/ALV-UjV3g1yjOHknHNPpKlvcdo21103amZHKnoAstDO6NdkskejmxknM,"Setelah berhasil beli, ada petunjuk baca di sini, setelah diklik gak muncul bukunya,larinya di kolom komentar sini. Gimana lagi cara bukanya ya.",1,0,6.5.2,2023-09-08 02:43:17,,,6.5.2
0027a568-65ae-4890-97c9-86ee0750984b,KevinOzzer,https://play-lh.googleusercontent.com/a-/ALV-UjWyUFW0wZVZQMQQB9mCrNikPN_LLwepoOXZiMZfdkYFRPq3iMPk,The Best!,5,0,6.5.2,2023-08-29 22:11:10,,,6.5.2
77fd36af-e518-4ab3-8547-27d1a0a90f7d,Eki saputra (Eki),https://play-lh.googleusercontent.com/a/ACg8ocJUVXQHFazfS7Gxg8XrM9eyIcJRm9-estvk093XFZfkdUMMx4I=mo,Fiturnya makin sedikit dan tidak nyaman digunakan. Saya kira update bakal makin baik.,1,0,,2023-08-27 14:47:18,,,
f6e58a97-9313-4881-87e3-6107c5bac69a,putri kanthi,https://play-lh.googleusercontent.com/a-/ALV-UjWoleCzr-VNWIEdsTpmWgMrOhoqUtbmlNuZK-K2q4YfApOsa-I,"Setelah update malah makin berat dibuka,, di tablet dulu bisa dibuka sekarang sama sekali buku yg sudah diunduh sama sekali tidak terbuka. Minim fitur saat baca buku,, Kembalikan app gramedia ke tampilan sblmnya karena lbh ringan",1,16,6.5.2,2023-08-27 10:47:23,,,6.5.2
b5e473cf-91a1-4c2b-90e5-2f5c2d667a44,susanti yabu,https://play-lh.googleusercontent.com/a/ACg8ocKAPEw1GeDNhhMt7ukQgaSXVzejauKx2r_zhHfNE6Hi-Utf2g=mo,Udah berlangganan premium fiction kok ada buku yg gak bisa diunduh harus dibeli. Payaaah,2,0,,2023-08-24 03:47:20,,,
1eda92b2-4728-4025-8659-2feae8b1a1f6,Adnan S,https://play-lh.googleusercontent.com/a-/ALV-UjU3jOI3zt7LUhkCcA8itLQrIQsYIl7YD27GEenJRRu7NKuTb_M,"‌Tulisan terlalu banyak yg hilang, kurang jelas dan terlalu kecil. Bagi yang ingin beli lebih baik pikir pikir dulu. supaya tidak menyesal seperti saya",1,0,6.5.2,2023-08-24 00:02:11,,,6.5.2
9ce229fc-9376-4ebe-8005-2c317b26e493,Dahlia Hidayati Umar Hasan,https://play-lh.googleusercontent.com/a-/ALV-UjXH60aknUi3kz5QunWSOyJcYXSHl4GhMlwcuWluiUFGVy1qes-d,"Bintang 1 Sangat wajar untuk Gramedia Online Toko Buku Gramedia Online Digital bahkan tidak perlu diberi Bintang, mengaku sebagai Toko Buku Terbesar dan Terpercaya padahal sebaliknya sangat Buruk. Saya membeli buku online pada tgl 23 Agustus 2023, saya membayar dengar harga yang sama di toko lain offline, tetapi saya tidak bisa mengakses download pdf seperti toko online lainnya, konsumen tidak dijelaskan dari awal atau di muka bahwa mereka membayar hanya untuk membaca saja, ini penipuan!!",1,1,6.5.2,2023-08-23 09:50:35,,,6.5.2
3b5f7b97-2f01-4754-a7fc-347c8c2b2c01,Anam Boy,https://play-lh.googleusercontent.com/a/ACg8ocIX2ZmNIv8JZE9uBvUthD1j56Q5MkcTHdGeSeCSbjkLtQJF3A=mo,Jelek banget UI nya.,1,0,,2023-08-17 12:03:00,,,
eb460a24-1d1b-4a8c-b006-5f82741348f3,Ferry,https://play-lh.googleusercontent.com/a/ACg8ocIKCt00nD4NChauZMaZckDkRL5Vb3p7ZctxdmpXC17h-bFEpw=mo,Saya sangat kecewa dengan Gramedia Digital pembelian ebook tidak bisa diunduh padahal sudah dilakukan pembayaran .,1,3,,2023-08-11 08:12:46,,,
daa8d0b2-979c-4775-b0fb-a167de8902bf,Aditya Avin S,https://play-lh.googleusercontent.com/a/ACg8ocLTvDulkZQ67PUqjnZ5-Mva7MzFlKNvm5vQrzVJ587z9ukcslI=mo,Udah melakukan pembayaran dan Saldo terpotong tetap premium package nya ga aktif Hadeh mana help centernya slow respon,1,1,6.5.2,2023-08-10 04:16:16,,,6.5.2
f03cf564-669a-4115-aa1f-a460ceba8888,Ram Dan,https://play-lh.googleusercontent.com/a/ACg8ocKmuSKWcn6gWjAdd5EyBYlu_aA51HcxMv7eKP6VEu9Kvouoag=mo,"Lebih bagus yang lama sebelum diupdate, mode baca gelap dan terang sekarang tidak ada dan juga saat membaca halaman sesuai yang ingin dicari mode lama lebih baik kenapa dihilangkan dalam bentuk scroll",1,4,6.5.2,2023-08-06 02:05:47,,,6.5.2
8b830e9c-95e9-4bcd-9fcf-e7559ed46608,Jujun Junaedi (Edi),https://play-lh.googleusercontent.com/a/ACg8ocLoArscn7Z1Nin38lBo5ne5BQ50mNWCe2E1g9nVKN4w1hdcrg=mo,"Aplikasi jelek,gaada buku yg bisa di baca gratis udah gitu harga harga nya jauh lebih mahal 5 x lebih mahal dibandingkan di shopee",1,1,6.5.2,2023-08-05 07:14:39,,,6.5.2
328e772e-28b2-444f-93d5-ce94b3f35cd9,Novianti Novianti,https://play-lh.googleusercontent.com/a/ACg8ocLketrkrz2u07WKTexCv8me4uYLLWqpifhUurMMRWRTklOodxk=mo,💸💸💸💸💸💸💸💸💸💸💸💸💸💸💸💸💸💸💸💸💸💸💸💸💸💸💸💸💸💸💸💸💸💸💸💸💸💸💸💸💸💸,5,1,,2023-08-03 05:47:48,,,
45e765e7-ecbc-4f9b-885e-a45a0b13a9c1,Ferry Setiawan,https://play-lh.googleusercontent.com/a/ACg8ocKsZA9yHtgNF5jV28jvgn2QaigRuGR051dwoC2kGlifnyZX-A=mo,"Aplikasi sampah Sudah beli ngga bisa dibaca, punya akun sendiri beli majalah Fortune Indonesia dibatasi izin orang tua untuk bisa baca.",1,0,6.5.2,2023-07-30 02:01:31,,,6.5.2
ea70ac10-1087-4a19-a134-e135bb422ee5,eAbu Faizrufa,https://play-lh.googleusercontent.com/a-/ALV-UjUMAbAxXuvfLOjp2AkAycIbj-spR_DV_oiDe9h1MBwsNvXz_SRd,"Parah gua beli ebook kaga bisa di download dan dibuka, hubungin costumer service juga susah, malah chat ama robot",1,0,6.5.2,2023-07-29 14:49:09,,,6.5.2
b1976565-5589-4ca3-900f-7e1b5ed7ccd0,Yeni Suryasusanti,https://play-lh.googleusercontent.com/a-/ALV-UjX87VLV95Wy6_rZr1a_Rp8RgspNdVEyFMXaVdFRpgkSOQwwuO94,Akan lebih baik jika aplikasi juga bisa di install di laptop. Jadi utk membaca lebih nyaman.,3,1,6.5.2,2023-07-24 07:27:27,,,6.5.2
8225e8ff-4511-4f01-8e2c-4abebf9b1719,Ignatius Ivan Lumen,https://play-lh.googleusercontent.com/a-/ALV-UjVrxNSaOx6LK7YnsfDd0QYUeaRM4GKihxdE1WKEmKbnc9ZAVaY,Sangat Baik,5,0,6.5.2,2023-07-22 16:56:01,,,6.5.2
aaf47184-b529-450d-855d-9fb47fd3e002,Syahidan Arrizaldy Sidik,https://play-lh.googleusercontent.com/a-/ALV-UjW7IYnFMdrJ6CvXAhM1GybLIioCGzLhp3zEN2ud6P7h-irS45IF,"Aplikasinya cukup baik. Saya harap ebook dapat dibaca di halaman web juga, karena saya lebih nyaman membaca di layar komputer daripada handphone.",3,1,6.5.2,2023-07-19 15:56:16,,,6.5.2
8121457a-5912-434c-bd68-5d2c822999ca,Naufaldi I,https://play-lh.googleusercontent.com/a/ACg8ocKUR4AhaOXJHMN3fDT3wwmxkGHBJrcSQRBR8eKhxC4nms-PfA=mo,Fitur kurang,3,0,,2023-07-13 15:24:49,,,
25d1bda3-d90a-4efa-82db-f5d1abb9910e,Zakiya Ar Rahmat,https://play-lh.googleusercontent.com/a-/ALV-UjUoH9wgSJYa1Rby9wmX2cQFdrXwJjiIHKW2lBgiv3CPAVqvHSos,"Sukaa bangett untuk aku yg suka baca buku. Tampilannya udah enak, rapi gitu. Semoga soon tampilan bukunya bisa se-layar penuh dan ada fitur pilihan fontnya gitu deh jadi nggak harus repot nge-zoom dulu biar tulisannya lebih gede. Terus lagi, semoga nantinya bakal dikasih dark mode dan fitur kecerahan atau fitur ganti background, soalnya jujur mataku agak sakit dan cepet capek karena kecerahannya gabisa diatur. Good job and thank you gramedia! 😍🫶🏻",5,4,6.5.2,2023-07-07 07:39:11,,,6.5.2
afafa5c1-5c04-4932-bc6c-3ca875989793,Fikri Muhammad,https://play-lh.googleusercontent.com/a/ACg8ocKp16kNMy6MvDwclSJ6LQMQ_fzdra0i6rA39dF9eFWi0JaoJg=mo,Aplikasi apa ini sdh beli premium non fiksi package malah responnya eror anj1r lahhh,1,0,,2023-07-05 05:49:51,,,
0fd7f429-fedf-4aa2-add9-434ef7fa75c0,sri hastini pandan wangi,https://play-lh.googleusercontent.com/a/ACg8ocJxkC5Q2h4lI9ZfSPgcow90OBPRt4FY6Y1-8orEYL5l2vipew=mo,sudah berlangganan paket full premium package tgl 29/09/2023 tapi tombol download tidak berfungsi,1,0,6.5.2,2023-06-30 09:27:37,,,6.5.2
b0b61974-b314-430b-b4c2-eba22fe252fd,aryo prabangkara,https://play-lh.googleusercontent.com/a/ACg8ocJS0KdzC8GBdWS4Wq3U8q_WDqITCpwil_yqfOpdaa_yijbkkQ=mo,Tidak suport tampilan landscape,2,1,6.5.2,2023-06-30 03:29:41,,,6.5.2
9b70267f-9856-4536-a1ea-15f7c2cba5d2,Wilson Family Stories,https://play-lh.googleusercontent.com/a-/ALV-UjUWhlK3iK7KyiliBqh5QJsolhStcjyZ-7p4WhI0eofrd0QoJE9zAg,"Saya sudah baca masukan2 yang diberikan, tapi sampai sekarang blm ada perubahan... bisa diberikan highlight, coret2.. seperti buku biasanya supaya lbh maksimal. Apalagi kalau bisa ada tools yang bantu bacakan text to voice.. akan semakin sempurna",3,10,6.5.2,2023-06-28 19:45:04,,,6.5.2
f9b97c37-7d68-4b7e-aa3d-9072edd22a11,Ari Nuryadi,https://play-lh.googleusercontent.com/a-/ALV-UjUOiKgNg9VXRWKY7B98Svb5t_1uvsfJTli3LDE1w31IfRX0NYUq4A,"Membuka di Handphone tidak bisa mode full layar, sehingga membuat kurang nyaman harus zoom in zoom out, tambahkan feature full layar dan gulir kebawah tidak hanya kepinggir",3,1,6.5.2,2023-06-26 17:50:07,,,6.5.2
95db5d43-850f-49ff-8d48-7b0fe954a228,Novaldy Asydieq,https://play-lh.googleusercontent.com/a-/ALV-UjXziHKqMZ30QlREE3yB3771FUgVeGcC2xl1Ik5bbOJiSpbVXMrc,"Tulisan terlalu kecil, ya padahal beli bukan gratisan, harusnya mempunyai keistimewaan buat penggunanya. Kalo kaya gini caranya, mending nyari ebook di internet gratis pula",1,1,6.5.2,2023-06-26 01:04:39,,,6.5.2
606a094f-e103-40e4-ad17-1e21cd67dab2,Dyah Resti,https://play-lh.googleusercontent.com/a-/ALV-UjXhCAkNizKPWiq9ubW1MWdvv26EjXsNDtrA7kXkKeNmpdi-T7rA,"Sudah membeli ebook tapi menurut saya sangat disayangkan sekali karna pembaca tidak bisa menandai dengan warna atau menulis comment atau membuat highlight dibeberapa kata atau kalimat. Kalau diaplikasi sebelah, buku yg kita pinjam justru bisa kita highlight dan ini sangat membantu jika kita ingin mereview ulang bukunya. Semoga bisa ditingkatkan ya..",2,42,6.5.2,2023-06-23 23:55:00,,,6.5.2
91b59bf0-c1d4-4c11-8825-d602a5bfa603,Irfan Suripan,https://play-lh.googleusercontent.com/a/ACg8ocK1MroEL-9KzUo5-7ubC8Yq5Z1LotouPRWiLsML0gwUVzwiig=mo,Ribet,1,0,6.5.2,2023-06-23 07:17:59,,,6.5.2
bb5fbf3b-5795-4b11-bb92-fcd466888b0c,karya abdi,https://play-lh.googleusercontent.com/a-/ALV-UjV5DDC4VLhogDKss315E1yY48zu-duwFdWQ8OXKmzFffvsowyHq,Aplikasi nya bagus hanya saja saya menyarankan agar da diturunkan geser ke bawah gitu kyk kita main medsos jadi mudah membaca nya sekian dan terimakasih,5,1,6.5.2,2023-06-22 09:17:05,,,6.5.2
a92e5e53-7e66-4c8a-abbd-e57a440a1eb9,henrie,https://play-lh.googleusercontent.com/a/ACg8ocKsEnlLhmdWZ-eYp6_nHzT3vXJfg8EulKBVpmb2ORseSfrfCv4l=mo,Ini gramedia beneran ga sih,1,0,6.5.2,2023-06-16 12:29:13,,,6.5.2
2a7eaf35-5758-4778-b263-8cfd6c1a45f6,Michael Chandra,https://play-lh.googleusercontent.com/a/ACg8ocIM2jY9yMeC_ZQvsjTO_Z5vLO_fQNAskWwLImmmK1J0d8cQ0w=mo,"Saya sudah membeli paket premium, namun selalu masuk ke bagian beli setiap kali mau melakukan unduhan. Sudah juga menghubungi customer care di email namun belum juga direspon",2,0,6.5.2,2023-06-15 05:04:26,,,6.5.2
43bdcd3c-8ca8-4072-99eb-178b258f96fb,Pengguna Google,https://play-lh.googleusercontent.com/EGemoI2NTXmTsBVtJqk8jxF9rh8ApRWfsIMQSt2uE4OcpQqbFu7f7NbTK05lx80nuSijCz7sc3a277R67g,"Membaca itu penting biar nambah ilmu lagi, untuk e book gramedia relatif terjangkau di kantong mahasiswa",5,1,6.5.2,2023-06-15 02:12:33,,,6.5.2
3e6e681b-2c85-4ff4-b708-50e2bb03b41a,Ahmad Basri,https://play-lh.googleusercontent.com/a/ACg8ocJTZlMZ6Jxysr4ZNEen-yU6J3oxJ7qbp50itQkMVK0uWYZBgA=mo,Aku kurang nyaman baca untuk versi terbaru ini😭aku udah pakai sejak 2020 tapi ini yang paling tidak nyaman. Tulisannya kecil banget padahal sebelum update itu ada beberapa buku yang dibaca di android bisa diatur besar kecil tulisannya. Tapi sekarang gak bisa harus zoom in dan harus zoom out kalo mau loncat halaman. Makin tidak friendly untuk pengguna android 😭😭😭😭bantulah kami pengguna hp android agar bisa baca dengan bisa atur besar kecilnya tulisan dan dark mode,3,10,,2023-06-14 05:51:34,,,
4f803354-fe37-4d1f-a092-8183e935a838,kubo willy,https://play-lh.googleusercontent.com/a/ACg8ocLNXMrxhLQWgEnhcLiVhqEqewtGRgO0uH58n6tQnR0c6Tl6GQ=mo,"Ribet, baru pake beberapa waktu langsung kerasa buriknya, Fitur-fiturnya sedikit dan banyak minusnya (ngga bisa loncat loncat halaman, kalo mau pindah halaman harus zoom out dulu, loadingnya lama, dan... ). Tadinya saya pikir bakal mempersimple kita yang pengen baca buku tapi mageran. Ternyata malah tambah ribet... Menghadeuh...",1,41,6.5.2,2023-06-12 18:45:54,,,6.5.2
589210ff-97d8-40b7-9392-17feb99aefdc,gobang ceuerat,https://play-lh.googleusercontent.com/a-/ALV-UjUV9byC6DmduROHdijPChAABNJY9n-TLtHF0ffToMPvCkRbuLQ-,"Saya sudah melakukan pembelian buku marriage with benefit, harus buka di aplikasi setelah aplikasi dibuka buku ga bisa dibaca juga gimana caranya? mohon info 🙏",3,0,6.5.2,2023-06-11 02:44:39,,,6.5.2
6f38b742-578d-42d6-bc65-2a125a502b4c,Ela Melani MS,https://play-lh.googleusercontent.com/a-/ALV-UjWGUCZmdH9GWCwap_vV8Qyd3NVRKebSs8UD_OCle9U-Oyucf4r9-Q,"Saya membeli Buku rekruitmen Pendonor Darah, Penulis Dr Agi Harliani, dkk. Isinya lebih banyak banyak mengambil konten dari PMK No 91 Tahun 2015 tentang standar Pelayanan Darah. Tpi si para penulis tidak memasukannya di Daftar pustaka. Sy pikir buku ini benar2 tentang Murni Rekrutmen Pendonor Darah. Jdi percuma juga saya beli, klo isinya sama dengan PMK No 91 Tahun 2015 tentang Standar Pelayanan Kesehatan.",1,0,6.5.2,2023-06-08 16:43:03,,,6.5.2
542d7ff9-e1f4-46dc-90c9-24ce29409e7a,SCHz_928VTX,https://play-lh.googleusercontent.com/a-/ALV-UjVr4P0aFEYNpMR_YYwpkiUzVlyOYFk8q438Eeu6-MvUlTJiV-8,Yamete kudasai,5,1,,2023-06-03 04:42:19,,,
7d55fc99-0c42-4b6e-9fad-88e235b4e9e2,Fachri Fadhilah,https://play-lh.googleusercontent.com/a-/ALV-UjUVxR8_j0QuSXzEt95EqxpJ-iDCjkaporz_VvdgbnRo7qlLzUA,Saya sudah melakukan pembelian full premium package via mbangking mandiri tapi masih blom bisa baca ebooknya,1,0,,2023-05-31 10:18:02,,,
db9a1480-f85c-40d2-9332-4b0064a4bf88,Muhamad Fajri,https://play-lh.googleusercontent.com/a/ACg8ocJCO5fIRvFUKgXW2fFYtfUCa0Cw5_p0Knz6fKhe60aI-GnVDg=mo,"1. Respon CS lambat dan buruk; 2. Sudah checkout buku tidak ada; 3. Sudah mengeluh lewat email, ig, twitter, wa tidak ada tanggapan",1,0,6.5.2,2023-05-30 12:11:50,,,6.5.2
ec0b12ce-4db9-4274-9bca-29d6f240f231,Hendri Spd (HHW),https://play-lh.googleusercontent.com/a-/ALV-UjUEIMsRlgnSsJQZEZYvlO1ymEGMos-3nr5uM_8gINr52_Ze6kk,Duh...review dan keluhan tidak ada yg direspon disini. Batal mau beli ebook. Beli bukunya aja,3,0,6.5.2,2023-05-28 14:19:58,,,6.5.2
b9564049-2778-4701-9c95-92e38a6db917,Jim Puthra,https://play-lh.googleusercontent.com/a-/ALV-UjXiDYdzbtjBLlbH1a-TnPU_g1PWH1LQN_mvzFt8eI6QC58ldoiB,"Bagus, lengkap bukunyz",5,0,6.5.2,2023-05-27 23:09:15,,,6.5.2
06e184c1-0abc-4afa-95c3-97baf7ab46ad,Maximilianus Dwi Prasetyo,https://play-lh.googleusercontent.com/a/ACg8ocJgFb5-rbaRipc_6seuu0AQBI1i-n4KUXyEOtvOJLZTQrVtjDs=mo,"Bagus. Paket murah. Bisa baca buku sepuasnya sesuai paket yang dibeli. Kendala hanya zoom in zoom out kurang lancar. Harus zoom out dulu kalau mau pindah halaman. Buat yang gabisa download, jangan seperti orang susah... Heran baca review-nya lol.. Dicek dulu izin aplikasi di settingan hape untuk File Media sudah diberikan izin untuk aplikasi Gramedia Digital belum? Buat Gramedia Digital tolong permintaan akses file media nya diotomatiskan, karena tidak muncul saat pertama install. Terima kasih.",5,5,6.5.2,2023-05-27 09:56:45,,,6.5.2
cec51020-a4a1-4fc7-ba82-5ca5e8639b27,romy ramadhana,https://play-lh.googleusercontent.com/a/ACg8ocJgZlslS72G0Omi6C_xxIZ7MUkSBgoUZ4BLjvVzgN_ljSStR_4=mo,Aplikasinya lemot padahal jaringan oke.,1,0,6.5.2,2023-05-27 02:53:25,,,6.5.2
3274a8ea-94ca-4c7b-bb01-4aeac637c43a,Uden Sasrer,https://play-lh.googleusercontent.com/a/ACg8ocISlRuuO818LQ5qiudWnMoH7_rnNGs1wQH_07Z3aGkBvIhsbQ=mo,Ok,5,0,4.3.1,2023-05-26 05:08:30,,,4.3.1
636c3909-4bc5-4ec2-9829-65016c1e477b,Rahma RaAa,https://play-lh.googleusercontent.com/a-/ALV-UjWEnxQpkS7QBnq7itS7LiTHySKK5CDaE_dYonIecztYNfcmw4n8,"Sebaiknya di tambahkan fitur mode gelap agar bacanya nyaman, dan juga tulisannya di perbesar. Semoga lebih baik lagi kedepannya",3,0,6.5.2,2023-05-25 09:25:40,,,6.5.2
b1e86daf-fe8b-4e08-9812-0135833a3a28,Deddy Septyan,https://play-lh.googleusercontent.com/a-/ALV-UjVaSgFM91uuUjPa1h9XKF0Pt5mmCwXc7eKVAdOfSGrs960_p8l2SA,Layanan berlangganan tidak bisa diakses. Padahal transaksi pembayaran sudah berhasil. Sangat kecewa.,1,0,6.5.2,2023-05-25 08:53:40,,,6.5.2
c1f2ccf4-ca49-4ed3-a97c-bbbb61348f8c,Endang Ruslan,https://play-lh.googleusercontent.com/a/ACg8ocLcv7ANqU3wfMznKlBlJ1SbsIJtI4pAERFCIQGdrGepLZETv9s=mo,Transaksi udah selesai. Bayar lunas. eh malah buku-bukunya menghilang.. katanya periksa koneksi anda. Sy sampai beli kuota. Masih juga Ndak bisa...,1,1,6.5.2,2023-05-24 13:40:16,,,6.5.2
861d01af-0967-405d-a21d-2443b891b28b,Nandya Putri Pratama,https://play-lh.googleusercontent.com/a-/ALV-UjXWNB5V4nos5AgaRvi5ID0-lOk_ft0RuT5qNlx4SUoKEuPbIuTe,"Full premium package 30 hari, Samsung A10s. Tidak bisa di-highlight, saat zoom in sewaktu di-next ukuran berubah ke semula. Majalah Bobo tidak bisa dibaca saat offline, ada beberapa majalah dan manga yang tidak bisa dibaca. Hanya 12 manga yang bisa dibaca.",1,6,6.5.2,2023-05-24 12:16:13,,,6.5.2
59cf5728-9eb8-4bee-81dc-2567a168c5b9,Dedy Wijaya,https://play-lh.googleusercontent.com/a-/ALV-UjWeJYG1YqOCAAlbnurLs746FvE0KoxduhmAPuM-2mm_ReGnAqBFeQ,Recommended,5,0,6.5.2,2023-05-21 10:32:04,,,6.5.2
03526e25-f8db-4204-a94e-c5c5110fccca,aan ardiansyah,https://play-lh.googleusercontent.com/a/ACg8ocLjKHD6rNFV54iA7NakUpk-I11kSpZxvj3BVWAXCd43GUQVgg=mo,"Saya beli buku atomic habits dan download full premium package 109 rb, sekarang tidak dibuka. Apa2an ini",1,0,6.5.2,2023-05-20 05:39:11,,,6.5.2
7d9dceae-0d9e-4b07-bcd6-5f2c19c62a9b,Badru ZN,https://play-lh.googleusercontent.com/a-/ALV-UjVwwlSCEMxJ2YV40IElybqmSc7u9VDGAcbwt3QwnwLDKe50QkQ,Saya berlangganan 2x tapi yang kedua kenapa tidak bisa di akses buku2 nya padahal transaksi sudah berhasil. Sudah coba saya adukan ke cs nya tapi malah direspon bot,2,3,6.5.2,2023-05-10 05:35:56,,,6.5.2
ab3c4618-5b49-4745-acf9-efccd7268b23,okto1 okto1,https://play-lh.googleusercontent.com/a/ACg8ocJtb2Wpb-f6eZI6_2PJuennZjoCWpuYVEF5wLOfpFL4WtV-2A=mo,Ok,5,0,4.3.1,2023-05-09 22:58:41,,,4.3.1
a01c73ab-69df-4949-b9ac-b36b7864ce20,Moh. Asykharil Satriawan,https://play-lh.googleusercontent.com/a/ACg8ocI7kCUm1_LLeC4-6oy-lgUoJLR9d713p4oZdPVbH_VMSrAHow=mo,"1 bintang karena tidak ada lagi fitur untuk lompat halaman, klo mau cari sesuatu di halaman halaman sebelumnya perlu swipe ke samping, rada males swipe klo yg dicari rada jauh. 1 bintang karena update nya malah menghilangkan fungsi yang berguna.",3,46,6.5.2,2023-05-09 03:35:55,,,6.5.2
d9815e47-0b7c-4fb6-a6d2-24344f1c7d6e,Daniel Ervanda,https://play-lh.googleusercontent.com/a-/ALV-UjVM8J-m1F1ipQOZP5XQU9EmJ-9p2eyPlOlblmX1x6gZaWrnMdY,"To the point, e-reader nya sangat jelek.",1,0,,2023-05-08 12:33:46,,,
db378c8d-ccfa-4b08-a006-353c4c230f4c,Andrian Syah,https://play-lh.googleusercontent.com/a-/ALV-UjVED9WTb1fZioEMmfuAR5ym4aISqMqORIMGlrua1RBk8RUWzsT8,"tidak bisa di download ebook yang sudah di beli, dan di bacanya tidak bisa di laptop juga, haru pakai HP",1,1,6.5.2,2023-05-05 07:50:33,,,6.5.2
621473a7-9a24-4b97-a5d8-828eb2f192e2,Fildzah Malahati,https://play-lh.googleusercontent.com/a-/ALV-UjWObl4wBba4MbDKNinPAbqy_o0kIvdspiH-_ITRb3WsUwC8gIE3,"Dear gramedia digital, saya memahami bahwa ternyata pembayaran premium dicek manual setiap jam 9, 15, 19 kalau tidak salah. Apakah juga termasuk hanya dilakukan saat weekdays? Jujur saya kecewa sekali, sudah 2 hari sejak pembayaran, tetapi sampai saat ini masih tertulis belum membayar. Seharusnya jika memang pembayaran akan di cek manual diwaktu2 tertentu, ada pemberitahuan agar kami tidak merasa kecewa karena mengira otomatis terbayar. Ini terakhir kali saya pakai gramedia digital. Kecewaaaaa",1,5,,2023-04-30 23:23:47,,,
33e4b6fa-9fe4-44c1-af85-5a7902f5a7b7,Rezki Kiki,https://play-lh.googleusercontent.com/a/ACg8ocIycQUzuRrA-jvu9eVliu3WP-j5xsTr3mnNggTbw03WYaP-cw=mo,Sangat buruk. Tulisannya kecil. Nda bisa landscape. Nda bisa buka jadi pdf ebooknya. Parah,1,1,6.5.2,2023-04-28 08:39:45,,,6.5.2
621635f2-a4a8-46a5-a8d2-99c7deed0b80,Muhammad Sepfian Dwi Riyanto,https://play-lh.googleusercontent.com/a/ACg8ocL_FTTSd56wP0j8dBrL4gSKla4JFixwdwqFf0LK8UARCqbipw=mo,"experience membaca buku masih kurang nyaman, perlu ditingkatkan kembali",4,0,6.5.2,2023-04-21 10:29:49,,,6.5.2
0d1a4ab7-3588-4321-8c47-7a114482ee59,AB Wahyu,https://play-lh.googleusercontent.com/a/ACg8ocLI-CfHX_5Y43nidp0Al5tYDyQ_d38SZ7PTzjZwbTKbQ84ASsw=mo,cukup menyesal beli versi digital ... kirain pembeli dikasih link utk donwload file ebook dengan authetikasi tertentu...ternyata ... harus instal aplikasi dan hanya bisa di smartphone .... bener2 gak nyaman,1,6,6.5.2,2023-04-19 15:19:58,,,6.5.2
cf436510-6b97-4468-9fe4-8dec94b021ed,Chandra Setiawan,https://play-lh.googleusercontent.com/a/ACg8ocIewlGWk87_FtkjrmkJTmZxYSwIC10zj_0Ps39YHbe81a3uxA=mo,"Maaf pak tanya, saya sudah berlangganan full premium package Rp 99.0000 sudah bayar melalui google play di indomaret, tapi kenapa masih tidak aktif buku buku nya tidak bisa di didownload dan di baca",2,3,6.5.2,2023-04-18 00:20:19,"Hai Kak mohon maaf atas ketidaknymanan dan kendala yang dialami , silahkan dapat infokan detail kendala dengan disertai foto atau screenshoot dari kendala tersebut melalui email di customercare@gramedia.com",2019-09-13 11:16:20,6.5.2
73b74c58-d554-4dfd-badf-eb8bd371c0de,emji cakep,https://play-lh.googleusercontent.com/a/ACg8ocKUO0djjce8AbmSpNszTcZoBJSnN83jLQu5aJvL1KdjHvx_Jg=mo,"Setelah update, buku2 yang sudah pernah didownload hilang semua. Tampilan baca yang baru jadi kurang nyaman. Buku rekomendasi yang muncul juga tidak sesuai pencarian. Update bukannya tambah bagus malah jadi jelek. Mana sudah langganan satu tahun lagi. Kecewa banget dengan gramedia digital.",1,28,6.5.1,2023-04-14 22:35:15,,,6.5.1
7218f00a-bde1-42a2-8cc9-3dd84b3d15f9,Yuli Setiyaningrum,https://play-lh.googleusercontent.com/a/ACg8ocIg_G4t0iVCjDgzYStN6uXDdWILVbxldOqF7jJLWhU3M4eEe_k=mo,Cukup sedih dg versi terbaru gramdig kali ini. Penggunaannya jg sering lemot dan ebook dlm bentuk epub sudah gak bisa lg digunakan di hpkuu. Pengen bgt kembalian gramdig versi dulu.,1,1,,2023-04-13 04:39:20,,,
c09d4bf8-647e-4f1b-9d8f-f3b6cdb526be,Robi Dany Riupassa,https://play-lh.googleusercontent.com/a-/ALV-UjV6We2pjNYKHJ2gf2NVyzY_hC2cqsAAuW0PYJIy-mvGuu9Rovtx,Sangat sangat sangat buruk. Menyesal sudah selesaikan pembayaran dan bukunya harus dibaca melalui aplikasi jelek ini,1,4,6.5.2,2023-04-08 04:33:45,,,6.5.2
469292f0-8cf3-4948-badc-4cc80da1dd02,Retno Indri Y,https://play-lh.googleusercontent.com/a-/ALV-UjXwJH-ql1sh0x58v51892fkXYK4rJnvtAvzOdjA_6dX7H7XMhfb,"awalnya saya pikir ini situs pembelian buku dimana saya memesan buku jalur online dan buku tersebut diantar ke rumah, dan saya bsa membacanya benar2 dalam bentuk buku. Lumayan nyeees kalo membaca lewat HP terutama dengan tulisan yang kecil walau bisa dizoom tapi masih kurang nyaman",3,3,6.5.2,2023-04-06 08:23:38,,,6.5.2
a5350c7e-271f-48b0-b9ac-311acb826b74,Bayu Saputra,https://play-lh.googleusercontent.com/a-/ALV-UjXQkcss7e9-Ihu7Kpp2itIyv4YeH6L_09iWuFKeY0vjvTbu5bSx,transaksi buku dari tahun 2018 tapi sampai sekarang tidak pernah bisa dibaca karena tidak bisa didownlad. sudah komplian via email tapi tidak ada solusi sampai detik ini. sampai sudah ganti hp masih juga tidak bisa didownlad bukunya.,1,3,6.5.2,2023-04-01 02:05:31,,,6.5.2
5c60619f-a20f-45ab-86f6-f3a2bb8f160b,Nanda Riandi,https://play-lh.googleusercontent.com/a/ACg8ocKpggZ0PVcLeY5ne9h6Bvmhft3OQGsEDjO3yRVlTxBYpJKfdg=mo,"Ni aplikasi bobrok bgt asli ngapa makin anjlok sih pelayanannya parah bgt pantesan dapet rating 3, perbaiki layanannya cuy",1,0,,2023-03-30 05:44:07,,,
c2736a43-9a53-43c2-b347-525e29c73378,Bondan Prakoso,https://play-lh.googleusercontent.com/a-/ALV-UjWqxT3HRDdBYwn1QJLwUbiKDYqLjNICmEbfy8wfsxWzv3sLGm94,"Parah nih min, sy sudah melakukan transaksi pembelian ebook tapi tidak ada ebook yang saya sudah beli untuk di download, gimana nih...",1,0,6.5.1,2023-03-24 16:24:13,,,6.5.1
7b5ff629-fefd-436e-93d5-050128512f8d,gerardus kevin,https://play-lh.googleusercontent.com/a-/ALV-UjWDxOIUjXPStPXBSitXT3dIfNJiqkZCfCI4MpE75xYo1bLBjsE,Pleaseee banget novel²nya tere liye di masukkin ke GD ... Please bangetttttttt ... Jangan bilang aplikasi Gramedia tapi buku best seller yg bener² best gaada disitu,5,0,6.5.1,2023-03-22 07:47:26,,,6.5.1
b01de19a-d68d-408d-a05f-0d26ad0a9f77,Ijon Maderma,https://play-lh.googleusercontent.com/a/ACg8ocI9KJL9n8fXeJTumFYPRx-dp4K94QqEdu7xObOSh0DVI8zcLA=mo,Bukunya gak lengkap,1,0,6.5.1,2023-03-20 14:10:04,,,6.5.1
ab332369-1d70-4738-be72-b251497e439a,The Forest,https://play-lh.googleusercontent.com/a/ACg8ocL6-18gg9merw9SkoOMegGixHzO2pCoH240Ud3DmQpgvAzrbA=mo,"Pantas saja rating rendah. Saya sudah bayar secara legal, tapi sampai sekarang akun prem tidak bisa digunakan.",1,0,6.5.1,2023-03-18 12:20:49,,,6.5.1
b8dcf980-3fa0-48ef-a7cc-f79edb21dc3b,ayu lestari,https://play-lh.googleusercontent.com/a/ACg8ocLmrjHsLlmrFGaXzvPPpSvA-LlgwM6CmOvEwg53JrjPHyTsXQ=mo,"Jelek, saya sudah berlangganan premium tapi belum bisa baca / mengunduh buku",1,1,6.5.1,2023-03-18 11:02:51,,,6.5.1
bcafe1b6-b9c6-4856-b7fb-3a0528b72b85,Amalia Lutfia,https://play-lh.googleusercontent.com/a/ACg8ocL5vszyk-yYhiJHp_IoBJgbADhWX8tEmsd-dEgwnqY0NNjuZw=mo,"Kembaliin versi E-Pub yg tulisannya gede dong, versi E-Pub skrg gak ada bedanya sama pdf tulisannya kecil, pake tablet atau e-reader ttp harus zoom in zoom out, lebih bagus versi sebelumnya. Selain itu loadingnya lama banget. Huffttt nyesel update, malah jadi gak bsa baca",1,13,6.5.1,2023-03-15 14:00:53,,,6.5.1
bf9ea5b8-de0c-44eb-a717-cafce6c106ad,mery septiani,https://play-lh.googleusercontent.com/a/ACg8ocKZVV1AAEOOpYoKyZmShJPEMSb1AHisRsIYNVbH4NwayYn1Wg=mo,"Untuk baca buku tidak bisa di zoom, ukuran tulisannya kecil",2,0,6.5.1,2023-03-13 03:44:36,,,6.5.1
d4b57762-4a76-4e8d-8859-1bd483035c0e,Sahda Kirana,https://play-lh.googleusercontent.com/a/ACg8ocJA1OmDg4V_rX_vYeSqAHiyBguQfzxpF-wlFZlTR4d9CnkfAw=mo,Bisa baca bisa main gara gara apikasi ini full baca dan banyak iklan mohon maaf tolong iklan nya di hentikan ya klo baca sulit,4,1,,2023-03-10 07:41:55,,,
fca68c25-8511-4431-85bd-c14e1ef3eb10,Laras,https://play-lh.googleusercontent.com/a-/ALV-UjW6OQgH-5toMamc_JU_ryKwXbWPmUGLeDWDNAg8MbfZSQ030uyt,"Turun bintang deh, meskipun bagus dan lebih full size tapi sekarang loading malah makin lama, terus zoom in zoom out nya ngelag terus buat emosi, meskipun bacanya jadi lebih nyaman dengan fitur baru seperti ini. Cari bab lebih mudah juga, ini poin plus buat GM Digital yang baru, sisanya tolong diperbaiki untuk kepentingan bersama :)",3,9,6.5.1,2023-03-07 02:21:37,,,6.5.1
94983e7b-ae58-4ecc-a1e1-ee2d96d4b574,Yudha Adityawarman,https://play-lh.googleusercontent.com/a-/ALV-UjXt_Bg0Xa4WgXNfznZx-G_ZjkAqL_NkkKqUeaWkumTBGwmujvxG,"sulit sekali membaca bagi kami yang mempunyai keterbatasan pengelihatan dan tidak punya uang untuk membeli tablet agar bisa membaca dengan nyaman. buka dengan samsung dex pun tidak bisa, padahal saya hanya ingin membaca dengan manusiawi.",1,8,6.5.1,2023-03-06 07:30:00,,,6.5.1
b3cf0d5a-89df-4242-8e97-7226faa29890,Irfan Taufik Risda,https://play-lh.googleusercontent.com/a-/ALV-UjX8dfjxhaToZE485WerqypOxN1tyMkNIZcp3YdMD8RlREOzmXbq,Saya dua kali mencoba beli premium non fiction melalui gopay. Saldo nya berkurang tapi di aplikasinya tetap tidak bisa menggunakan fitur premium. Ini pertanggung jawabannya gimana ya?,1,3,6.5.1,2023-03-05 12:59:28,,,6.5.1
49b8de65-d198-4c53-8a03-30c4d10559de,Aditya Permana,https://play-lh.googleusercontent.com/a/ACg8ocLgSU7unWusJdK9IChMiXXTLo3RpCB8DiO6EGWdaDBDUUJYiQ=mo,tolong dibuatkan aplikasi untuk PC/Laptop juga,4,0,6.5.1,2023-03-04 15:11:04,,,6.5.1
1d17ddb0-3f32-47e1-bdd0-fc0beb8181c5,Dr. Rasinus,https://play-lh.googleusercontent.com/a-/ALV-UjWK9NJ4Ts0Dcvmz0y3YwTQ-hWVRn-cgyb4mnv-k8XArAeNeYzzj,Good,5,0,6.5.1,2023-03-02 23:33:35,,,6.5.1
f2d73920-2e51-4ee5-b755-884559d89c4d,Stuff Official,https://play-lh.googleusercontent.com/a/ACg8ocLg8aQtdyvAX9qwHGtdimYEOUJaPBc9wjlvEPpcsl0OPgTWkw=mo,"Kecewa banget udah bayar berlangganan tapi diaplikasinya masih waiting for payment, gabisa akses premium komplain juga gak ditanggepin..balikin duit saya woy",1,0,,2023-03-01 04:01:15,,,
1121baf9-4c96-4942-b392-b878cc667899,M Boby Hasan Arfani,https://play-lh.googleusercontent.com/a-/ALV-UjX3FpNyA8mfpG9rZblMyfcK3s5Ys7EER7Td7Rb3UQeim1yjOTR-,"Aplikasi yang bermanfaat, terimakasih Gramedia",5,0,,2023-02-28 05:35:00,,,
ca75694b-c7e0-4777-b064-350c849ab368,Karyati Nenohai,https://play-lh.googleusercontent.com/a-/ALV-UjXo-jRml2YjJNz_LE0d801l_Zl2KTsXj11BzFa7dTYZwzHvwqx47g,"kok ga bisa dibeli, parah banget sih aplikasinya. tolong dong diperbaiki bugnya",1,0,6.5.1,2023-02-26 12:29:18,,,6.5.1
04b876e5-9127-40fa-a702-a9c7b43b5d64,Mirza Anditiya,https://play-lh.googleusercontent.com/a/ACg8ocK7s4uLCB0lLIDfXf6ki2Wtipu-976qbmlwKtCH80JiSIz5xA=mo,ngebug tidak bisa dibuka,1,3,6.5.1,2023-02-26 08:09:09,,,6.5.1
1d664333-7354-4d1b-a596-ff435c057079,HILDA AMALIYAH,https://play-lh.googleusercontent.com/a-/ALV-UjUqps2i-qo4faAOF3--jO0_EAesURF_7SFIwY1xsIntf32EVWz9,Aplikasi ini mempermudah akses saya terhadap buku. Kalau ada bintang 10 saya kasih 10. Terima kasih banyak Gramedia Digital,5,1,6.5.1,2023-02-26 06:33:29,,,6.5.1
ae1f37b9-7615-44ab-a681-b458ca5e7691,C,https://play-lh.googleusercontent.com/a-/ALV-UjWLmEBSEBimGVipzUYKC2JJwDfkaZGi_z7fRojisX4v5TsMkeg,"Tolong upgrade aplikasinya, sangat ga enak baca di gramedia digital karena bikin sakit mata. Tolong adain fitur dark mode kayak scribd, sama layar gulir, supaya ga perlu cape buka halaman baru, fitur rotate juga alangkah baiknya ditambah fitur layar gulir, karena ga semua orang punya tablet buat baca.",2,6,,2023-02-23 16:45:14,,,
c12760ae-33f1-48a4-8e7d-174d436bbd0a,Samsung A04,https://play-lh.googleusercontent.com/a/ACg8ocLxBMvxy7ThmC4voTjsLx_nzlivBrdmOb7D1U9IaZC5hyY1qg=mo,Bagus,5,0,6.5.1,2023-02-20 06:40:32,,,6.5.1
5129d0dc-169e-41f4-88d7-51db290702d5,Andrew Hermawan,https://play-lh.googleusercontent.com/a-/ALV-UjVYBuGU4eZ6PgkV_exPAWRESwpW6WRHsb5JcbAwPc1sWK_2Vs2aeQ,"Mohon bisa diatur untuk ukuran huruf, dan pengaturan warna agar mata nyaman baca nya. Serta dapat diakses membac melalui website.",2,0,6.5.1,2023-02-17 04:17:36,,,6.5.1
c765ac00-a81b-4fa4-8e35-fb9188be4537,ahmad sofyan,https://play-lh.googleusercontent.com/a/ACg8ocLzn-qR7yGG90LMfW2Sqn7EZiarxLSYzKljsLGApgb6xLjXoA=mo,"Gimana ini,saya udah bayar kok nggak bisa akses full premiumnya??",1,1,6.5.1,2023-02-14 04:59:54,,,6.5.1
df8a913f-e413-47f4-934a-d975116932e3,Rofizax,https://play-lh.googleusercontent.com/a/ACg8ocJPmaLbfsZ4B_wKfX6GzYoumvKH276X5UsxNNJVMYRlmRrJ4g=mo,"Setelah update Fitur search hilang, padahal itu fitur yang sangat penting",1,0,,2023-02-14 04:39:37,,,
e3877a60-9a50-4630-82e4-c263340446b6,Candra Maulana,https://play-lh.googleusercontent.com/a/ACg8ocLBZaLExSQ3FoseCDw-sRu64ponwEyDRBg47He4mF48FkxKKw=mo,Kecewa karena tidak bisa dibuka di PC dan aplikasinya juga tools untuk membaca lebih nyaman tidak sebaik wps atau pembaca pdf lainnya,1,5,6.5.1,2023-02-13 10:06:55,,,6.5.1
8db5b7b0-6cbe-4cbf-b20e-ef0222fde694,Arise Ganesha Putra,https://play-lh.googleusercontent.com/a-/ALV-UjWtAIzUsSKu_Cgw5VTrHWayA0K114SynM4com6AywC_Hw0sTWMf,Mau langganan gak bisa bayarnya. Nge-lag terus.,3,1,6.5.1,2023-02-10 04:50:25,,,6.5.1
45abdbf4-cee9-4a30-a931-d18b133e52d1,Nara C,https://play-lh.googleusercontent.com/a-/ALV-UjXhIuN3sR-OFKjbjR6ogillEM5FAfG0dEWiY8gmgLw8O9-f5xA,"Mohon untuk pihak gramedia digital memperbaiki untuk tampilan yang bukan per halaman, contohnya kitab kawin, animal farm dan sejenisnya. Ga bisa di buka soalnya, selalu berhenti dan gramedia tidak memproses. Juga tampilan agar bisa 2 halaman jika device dalam posisi tidur/landscape",2,9,6.5.1,2023-02-09 15:35:48,,,6.5.1
a5d63a65-2f15-41ba-a573-8d3ede8d802c,Sun_Sun,https://play-lh.googleusercontent.com/a-/ALV-UjUR0CkUuM8Koh-G54nvlD5eLtpEnZmGG9aOTRylIcuFF7sZ6D8P,Stelah diupdate jd lebih berat. Lebih suka yg sebelumnya..,2,0,6.5.1,2023-02-09 06:42:38,,,6.5.1
cf2a4430-0191-418b-bf28-e7bf0647836f,Rizal MTV,https://play-lh.googleusercontent.com/a-/ALV-UjUH00-8t5Bvd3h2w-UbqI0AQQyQv39rnMDPsFFr4xJ1n8eeSj8,"Tolong diperbaiki, dengan update terbaru aplikasi tidak bisa di buka di Tablet Huawei Matepad 11 Kemungkinan karena update yang menyangkut google payment",2,0,,2023-02-03 22:05:28,"Hi Rizal MTV, terima kasih atas laporannya. Kami akan telusuri lebih lanjut mengenai permasalahan ini.",2023-02-04 07:06:46,
710bfab2-a34d-4f10-bca1-80d137812023,Al Dzikri,https://play-lh.googleusercontent.com/a-/ALV-UjWUWY5I7mZ3UH-zzLgTmB9XGG1nYDnVsScy9fVHR_0DuEpxTvKj,Aplikasi ampas,1,0,6.5.0,2023-02-02 14:11:12,,,6.5.0
389cf982-f9a1-4b5e-9d9a-7fdbde8eb606,Tia Dj,https://play-lh.googleusercontent.com/a-/ALV-UjW2EfOKb5edmx4kfaYXNKSnjP-Ocdt03JGG69FK9Ic9kXIRo_sG,"Tolong perbaiki lagi aplikasinya. Sebelum diupdate untuk pembayaran langganan buku bisa melalui berbagai macam pembayaran, setelah diupdate hanya bisa melalui google billing tapi tidak bisa diproses. Otomatis dong, yang mau berlangganan jadi tidak bisa. Jangan sampai yg tadinya mau langganan jadi ngga jadi karena aplikasinya sendiri nge-bug 😭",1,35,6.5.0,2023-02-01 07:58:02,,,6.5.0
fe8b96d1-8d20-4b0e-82e4-f12e8b03490c,Fira Teguh,https://play-lh.googleusercontent.com/a-/ALV-UjV2Tq45LZ3ldjbPKDEjTAtGLB5uRUpG0d4scmb-GhfN2mRusLqJ,"Ngebug gak bisa dibuka. Udah di updated, hapus penyimpanan masih aja gitu",2,0,,2023-02-01 05:50:15,"Hi Fira Teguh, untuk mengatasi masalah tersebut kamu dapat melakukan reinstall aplikasi Gramedia Digital.",2023-02-01 06:31:00,
c5322433-dd34-4681-ba76-8dc728147658,Abel Pangaribuan,https://play-lh.googleusercontent.com/a-/ALV-UjW3UpfEoT6pV_CcuL9Vimyulw4a1joZpMxCUmd5WiracheecSo,Saya sudah bayar tapi abis itu langsung force close . Terus ngga bisa buka lagi aplikasinya. Force close terus. Bagaimana Indonesia mau maju literasi nya. Kalau penyedia layanan buku aja seperti ini aplikasinya. Saya bilang ini sampah. Saya aja login tidak bisa di aplikasi terbaru anda di playstore,1,1,6.5.0,2023-02-01 03:09:27,"Hi Abel Pangaribuan,
Kita mohon maaf atas kendala tersebut, dan sepertinya kamu menggunakan aplikasi versi lama 5.8.0. Sebagai upaya mengatasi hal tersebut, kamu dapat melakukan update versi terbaru aplikasi Gramedia Digital yaitu versi 6.5.0.",2023-02-01 02:03:36,6.5.0
50dd9066-0751-44a8-80fd-5c3e20767be0,Isper Yt,https://play-lh.googleusercontent.com/a-/ALV-UjVrDnrZFhGlCenPXgilc8h9l7bxF-QeOzsJ66sFf6RnuZWUb08,Saya beli fiction premium di fotonya seharusya ada buku bumi tereliye waktu saya search kok gak ada ya?,1,0,6.4.6,2023-01-21 09:46:08,,,6.4.6
e065a54d-9b29-44bd-a171-40d7833c51a0,Nindi Hendriyani,https://play-lh.googleusercontent.com/a-/ALV-UjUa1PpwX8EaDwg5HOEcnWLYlg3sRCdZdKfC66ruZivipxZMS2s,"Bingung bagaimana cara nyari judul buku yg mau d baca, padahal sudah daftar premium 😭",1,0,6.4.6,2023-01-17 01:54:41,,,6.4.6
d3cd761c-b5b8-4b95-bcb3-9be87a4ba569,Bli ANZA,https://play-lh.googleusercontent.com/a-/ALV-UjUD8zDPqcpI9itT2Sx32ix1i1qBipYryOvspPSjIlXuhP-7lSRw,"Beli buku flow, kalimatnya ga ada keluar. Blank semua",1,0,6.4.6,2023-01-15 01:25:39,"Hi Bli ANZA, untuk sekarang sudah tersedia aplikasi Gramedia Digital versi terbaru, dan kamu sudah dapat membaca buku tersebut :)",2023-01-31 07:09:36,6.4.6
f7a80b8e-a9cb-4564-9da9-fee4aeb95b75,Musliadi Adi,https://play-lh.googleusercontent.com/a-/ALV-UjWEweoJevpuQfzv0PZcuRJ2xnKdGqJp83hHB9fhmkOKb87WBZMHzQ,Saya mau berlangganan intisari pakai linkaja nga bisa tulisannya 403 forbidden,5,0,6.4.6,2023-01-09 05:24:26,,,6.4.6
f760ded2-4f6b-42b7-9bfa-9de7c01134f5,NYX 17,https://play-lh.googleusercontent.com/a/ACg8ocIpRkk_kliHCtE1KkCJf2qY6Jr0LTQN8pIkWP2W_hOJPorNYCM=mo,MINN TOLONG TAMBAHIN FITUR ANOTASIIIIII PLISSS,4,0,6.4.6,2023-01-03 03:18:21,,,6.4.6
a154eb03-b79b-4532-94cb-51f30073a72c,Rahel Cantik Sekali,https://play-lh.googleusercontent.com/a/ACg8ocIT3ccxxpH4SpUgXqvaISNr6sM5r2_gk20Bm6PzSMipcjdVPg=mo,TIDAK GRATIS,2,0,,2022-12-12 02:26:37,,,
d4a8d6df-bd78-4b35-991c-5bb94a1059a7,Makhluk Bumi,https://play-lh.googleusercontent.com/a-/ALV-UjVAhF0l9B4ws_9wOnbELiHO4PjmkGAWL0mLPyYFwyUlvLSJR0k,"Saya kira bisa di baca online, ternyata apk untuk yang mau beli bukunya aja huft_-",1,1,,2022-12-07 09:35:51,,,
43125924-b5fd-43f4-a2d5-8d4b2e79b023,Irawan Sapto Adhi,https://play-lh.googleusercontent.com/a-/ALV-UjUyK2lQ4sK_BEvItylBOl-gCcnYA6W1kMg30dXrfNsAFVxjgYY,Jadi mudah baca buku,5,0,6.4.6,2022-12-07 02:09:48,,,6.4.6
c773f116-0925-4943-9ffc-31cbfdb4fdb0,Diyas Luthfi Zakaria,https://play-lh.googleusercontent.com/a-/ALV-UjVlWF-LhEsatKLLnjHFamyok9f2LyFRBQzRAcZCbzQO5B1i7njL,fitur ebookny minim :),2,0,6.4.6,2022-12-02 10:14:47,,,6.4.6
a0e6cc94-e0cf-4e6b-a170-01ac9f8edc31,Irlianda Anandita,https://play-lh.googleusercontent.com/a-/ALV-UjXs3i3rQ9EOjdvAEj600lMpEREYDiFG0VOvKmbG0QfN_EXvB93K,Halo halo saya adalah pengguna baru. Semoga saja buku yang saya baca bisa merubah pandangan hidup saya dan menambah wawasan saya,5,0,,2022-11-23 12:28:44,,,
599f6850-8c11-45ce-b3f5-060da87fda81,sajidin azis,https://play-lh.googleusercontent.com/a-/ALV-UjXZxRBo94pdYE_c7n0_uFKil6klw1oH-Lu5H0FC1QpxWlQQjOyg,Sangat mudah untuk kebutuhan membaca,5,0,,2022-11-23 12:11:59,,,
235b6923-b98c-4cb4-af83-35dd8e9b524a,syamsuddin duke,https://play-lh.googleusercontent.com/a-/ALV-UjXtMuraqn-Yt5w6mIo-uecrPvQq-AZDHYQw3yr4Od7g3J7gw48,Mohon untuk metode pembayaran menggunakan linkaja di aktifkan kembali,5,0,6.4.6,2022-11-19 13:45:40,,,6.4.6
49a2d490-9461-49fb-b965-80beae1f583b,Lilik Jalaludin,https://play-lh.googleusercontent.com/a-/ALV-UjX3xWyfQpv_cLyr5XZVRExr8kFgw-DBTPrjUw4eKKaHMgTEOIw,Saya sangat senang dengan hadirnya aplikasi ini. Saya bisa berlangganan koran / majalah favorit,5,2,6.4.6,2022-11-16 12:39:06,,,6.4.6
b20fd631-3882-48e7-bd36-3f97c6d3594c,Hilda Akun Cadangan,https://play-lh.googleusercontent.com/a/ACg8ocJOw6Ia8ol4JJmokZGJehG0LsdX2cyc6SGAaPxFhtV40DESrQ=mo,"Tidak semua buku terbitan gramedia bisa dibaca walaupun sudah langganan full premium (jadi tetap harus beli). Tapi meskipun begitu masih banyak buku-buku menarik yang bisa dibaca ketika langganan full premium. Aku kasih tahu buku-buku yg tetep harus beli walau udah langganan full premium: Semua karya Keigo Higashino, Maria Beetle, Kim Ji-Yeong, Saha Mansion, Botchan, Fish in the Water, Dua Belas Pasang Mata, dan Anak Teladan (The Good Son). Mungkin ada lagi tpi aku tdk tahu.",4,1,,2022-11-16 11:36:04,,,
09867f90-fa5e-46f3-9cc2-1293c845ed14,Alfian,https://play-lh.googleusercontent.com/a-/ALV-UjU0H7p8hMvccVi5R_Av0XfY5M82uj-25HL-mxsEBjflgwOFGOSq,"Tidak dapat berlangganan paket premium dengan pembayaran dari google play,mohon diperbaiki",1,2,6.4.6,2022-11-15 03:28:54,,,6.4.6
4612ab1e-04d6-4ada-a6d2-e58a26640aa2,doniarios,https://play-lh.googleusercontent.com/a-/ALV-UjWspUqSVHH2KX80L5GDl3UlOD1b7DaiMmC_1OggrnmFV1Uwsvm5,"Saya sudah membayar langganan non fiction premium melalui kartu kredit dan pembayaran berhasil, dan sdh hampir 45 menit saya belum juga bisa menggunakan manfaat langganannya. Tidak satupun buku, majalah yang bisa saya download, mohon dibantu",1,0,6.4.6,2022-11-14 16:47:54,,,6.4.6
d09507d1-931d-4899-9d8b-10fbf402a36c,Riky Seno,https://play-lh.googleusercontent.com/a/ACg8ocJ428vIPiL_sbRqEY0iKP9uvRZYWTG7E4irifcRsmFcNLfiTQ=mo,Mencoba pakai app ini,2,0,4.3.1,2022-11-08 09:53:59,,,4.3.1
ac6cb2fe-a68f-46c8-906c-340be08efcc6,gilar agiskara,https://play-lh.googleusercontent.com/a/ACg8ocKVni1vk-p2fy1RJNK90_BqJp0ZF5ynHWLGzr_cSrE9ardr0g=mo,"Cara liat buku yg sudah dibeli gimana ?. Malah ada tulisan 'beli' lagi, di klik 'beli'nya malah ada tulisan 'anda sudah memiliki item ini' Jadi bacanya gimana ?",5,0,6.4.6,2022-11-07 03:39:36,,,6.4.6
51076e37-93ef-485e-8bce-6bd4246c5388,Widya Rini,https://play-lh.googleusercontent.com/a/ACg8ocJ6AEgtz6GrAzuZzqfIV7LgbYZvsa-ePrf0A59y1Q7cgr2Olw=mo,Good,3,0,,2022-11-04 13:13:18,,,
7da0dae5-3104-443f-ae3e-3df60f6f7a55,Bet Rick,https://play-lh.googleusercontent.com/a/ACg8ocIUQhk4zml4WFAkMIDXyqzZQXzFgfmcU1LTj_-21CDNm7HWqg=mo,Ups kepencet,1,0,6.4.6,2022-10-31 11:22:21,,,6.4.6
ce6a2021-47ee-4a72-826f-927fcd024f7b,Sano Sempati,https://play-lh.googleusercontent.com/a-/ALV-UjWR-K0BqpMU3oKxjuWtZajZ9jU8D0QHhp-c3HoXKkAk66SnmL84sg,Good makin banyak isi bacaan,5,0,5.8.0,2022-10-30 11:35:26,,,5.8.0
636d9275-dca8-496b-ba1e-603c2a80ed0a,Diana Nefertari,https://play-lh.googleusercontent.com/a-/ALV-UjU_V4ejj32whgE3_atR3SA2mkH0jTg8k3Xoz5po-AMDmQk2vrw,"sekarang aku kasih 3 bintang dulu. soalnya waktu baca buku sering out sendiri dan balik ke laman koleksi. terus tampilan majalahnya juga gak full layar. dan yg paling nyebelin, harus scroll lagi dari halaman awal kalau habis nutup aplikasi, gak kayak di wattpad dan ipusnas yg tetap stay di halaman yg terakhir kita baca walau aplikasinya udah ditutup.",3,3,6.4.6,2022-10-26 12:04:03,,,6.4.6
4af878c7-3671-4107-b987-e14c84b1cf70,Agus Andoko,https://play-lh.googleusercontent.com/a-/ALV-UjWuDGfLuac_0Zs9CrRXqD0JKQ0rLhG5ub8GCyehf_EDkpu7aNE,"Saya sdh beberapa kali membeli, kartu sudah terpotong, tapi buku tdk bisa didownload, mohon penjelasannya... Admin...",3,0,6.4.6,2022-10-21 04:13:21,,,6.4.6
1d78c6f2-bd0b-4975-96c1-ba87e9f953ac,karina tanjung,https://play-lh.googleusercontent.com/a/ACg8ocKivp5zXaJlRiW3CpCf3jeXTEmIzXVd52jUpCRyWGwxQTrW2NA=mo,"Suka keluar sendiri kalau lagi scroll jadi harus ulang lagi, jangan bilang karena sinyal/kuota/memori yaa karena apk lain gak ada masalah dan lancar aja.",3,2,6.4.6,2022-10-20 13:24:58,,,6.4.6
02265d91-76c2-42db-9e2c-2a9ed8d87e16,Anintyo adi Nugroho,https://play-lh.googleusercontent.com/a/ACg8ocKmNJ5JKh5eNiP6AOGqoPv8Nd_S5xulqFO1eqWvC2hKZ3EtDw=mo,"Saya membeli paket full premium kontan senila 69.300, sudah di bayar menggunakan kartu kredit, pas mau baca tabloid kontan, disuruh beli lagi, muncul lagi pilihan harga. Saya cek di riwayat transaksi, ternyata kosong / tidak ada transaksi sama sekali, maksudnya apa? Jualan abal2 / tipu2??",1,6,6.4.6,2022-10-16 14:38:40,,,6.4.6
957f45a8-85dd-478b-a624-3a2c54452737,Hadi Kurniawan,https://play-lh.googleusercontent.com/a-/ALV-UjXjZOMsNYU48sZSMYDegdZh7yEbIP9M_NIjvGFobA3JoKJuiMI9qg,"Aplikasi penipu, udah bayar, eh e-booknya gak ada. Dicari2 untuk dibaca tetep gak ada, adanya tombol beli saja. Balikin duit gue. Hati-hati, jangan transaksi pembelian di aplikasi ini.",1,3,6.4.6,2022-10-12 12:02:59,,,6.4.6
72e85f03-0e92-4426-8749-de0b5fc1c8f1,ruaz p,https://play-lh.googleusercontent.com/a-/ALV-UjUbXsZRAHfDiIocqhzbTnqOWcEYPf9i0Z4AFxBvZjlcjE5DBmw,"Aplikasi aneh, bayar pakai googlepay kok gk bisa, aneh",1,1,6.4.6,2022-10-10 01:56:01,,,6.4.6
400cb04a-f420-4b98-802c-7fdbd0b648b4,Trinova Adelina,https://play-lh.googleusercontent.com/a-/ALV-UjXHN9-HnScakeRXjOQNVpQDQElK_8O1B8ZgC0kCGL0LfvfXd6mg,"Jelek bgst, udh langganan bukunya malah gabisa di download",1,0,,2022-10-09 11:30:23,,,
4856fdec-30ed-41a6-b7da-63252689dcfa,Vilya De Queljoe,https://play-lh.googleusercontent.com/a-/ALV-UjX8C3hxK5H8H7H2AJfAFZc5ZYPVW7aDVoeN6d0kCFfqdu2MPise,"Ada masalah apa yaa, sy sdh beli FULL PREMIUM PACKAGE, tapi pas mau baca tetap disurih beli lagi dan itu juga udah yang di daftar bacaan yg ada di paket, gimana yaa...???",2,15,6.4.6,2022-10-09 01:40:20,"Hai Kak, mohon maaf atas ketidaknyamanan yang dialami, perihal kendala tersebut dapat di informasikan akun ID Gramedia Digital serta bukti pembayaran dengan mengirimkan email ke customercare@gramedia.com agar segera di lakukan pengecekan lebih lanjut.",2021-05-17 05:17:36,6.4.6
f540d166-ae14-46c4-8d4d-00b8daab7c81,Nida Ul Hasanah,https://play-lh.googleusercontent.com/a-/ALV-UjXLbfOi4NI3jc0izig-gaVUW0MkuQG9hnEVqbA9pc9j6_2ZkSMU,"Tolong dong di bagusin aplikasinya error, tiba-tiba keluar sendiri",1,1,6.4.6,2022-10-04 03:27:32,,,6.4.6
60a0467f-7804-47ba-bfc7-8ba7e7acbdd2,Sigit Susanto,https://play-lh.googleusercontent.com/a/ACg8ocJN73e-1eHT0gDdCO5eILBA0hsO2NmC2Rl4f6dmSFnZpMVTCA=mo,"aplikasi penipu, saya susah transaksi pulsa terpotong tapi langganan premium tidak bisa saya nikmati.",1,0,6.4.6,2022-10-03 00:48:23,,,6.4.6
01b29d43-e421-493f-83b2-41177808c523,miss renfelany,https://play-lh.googleusercontent.com/a-/ALV-UjWzMGDsrdlh-2jSAtE3hZKfbwVpyqpJDZCiVi3GyYmVLGjXiBnv,Saya beli majalah dgn payment Credit card. Payment sudah masuk kok e magazine nya gak bisa dibuka ya? Malah tulisan di bawahnya foto covernya: Beli mohon penjelasannya,2,0,6.4.6,2022-10-02 14:45:23,,,6.4.6
ef3af0e4-c542-4023-9e43-a7e9d654def8,KOMANDAN EDY,https://play-lh.googleusercontent.com/a-/ALV-UjUs1LzrcT5jZy1dpbxJI-PxayowMb20xLnVrDpoRkbIQDFLOZo,"Coba dulu, tambah bintang atau dikurangi tergantung",3,0,6.4.6,2022-09-28 09:00:50,,,6.4.6
07a815d3-7c09-4b44-9e55-b6eae290961c,Eva Kurnia Damayanti Ahsan,https://play-lh.googleusercontent.com/a-/ALV-UjUc8RbcaEveKWqSOMAObuVSMTFnvPQaYCB9OXg0CXL88X8bVPZr,"Saya pernah 2 kali gagal dlm membeli majalah digital. Yg pertama dulu sudah membayar namun majalah tidak terdownload. Yg kedua proses delivering tidak kunjung selesai. Saya sudah coba kirim keluhan melalui menu di aplikasi, namun tidak ada tanggapan. Sangat mengecewakan. Pls jangan nodai nama besar Gramedia.",3,0,5.2.0,2022-09-26 12:04:17,,,5.2.0
aca4d15d-e0e9-4e63-bdb8-f6d35bce39c8,Nani Sumarni,https://play-lh.googleusercontent.com/a-/ALV-UjW8CFgT9Es0FCfP-n5lp0k8T0WYzuvdRmmdaw3DBmS5kbURhE5u,"Saya udah beli salah satu novel. Tp pas mau didonlod, kok ga bisa bisa ya? Opsinya masih BELI aja.",4,0,6.4.6,2022-09-26 11:24:43,,,6.4.6
8666a39f-5bf0-4633-9dc4-c0c8f659af3f,Endang Soemiati,https://play-lh.googleusercontent.com/a/ACg8ocJWq2nrN6V_0vjEvBNbHRU-Pr55yBtLAYzQiyww2FblPLh0Fw=mo,lengkapi keperluan Debby Henikurniasari nya yaitu yang dionline. Mana yang online? Bosan lain hari.,5,1,5.7.6,2022-09-25 00:30:11,,,5.7.6
e51581dd-3ee0-4a05-aba4-e4567f43498f,teknik mankot,https://play-lh.googleusercontent.com/a/ACg8ocIl2rUwCxL_clZhD1NKWWATh6a246dc45Dp9UQ8I5CAdJeAAg=mo,Sudah bayar tapi kok belum bisa membaca... Gimana solusinya????,1,0,,2022-09-24 12:33:18,,,
